Municipios;Sexo;Periodo;Total
15 Coruña, A;Total;2021;1.120.134
15 Coruña, A;Total;2020;1.121.815
15 Coruña, A;Total;2019;1.119.596
15 Coruña, A;Total;2018;1.119.351
15 Coruña, A;Total;2017;1.120.294
15 Coruña, A;Total;2016;1.122.799
15 Coruña, A;Total;2015;1.127.196
15 Coruña, A;Total;2014;1.132.735
15 Coruña, A;Total;2013;1.138.161
15 Coruña, A;Total;2012;1.143.911
15 Coruña, A;Total;2011;1.147.124
15 Coruña, A;Total;2010;1.146.458
15 Coruña, A;Total;2009;1.145.488
15 Coruña, A;Total;2008;1.139.121
15 Coruña, A;Total;2007;1.132.792
15 Coruña, A;Total;2006;1.129.141
15 Coruña, A;Total;2005;1.126.707
15 Coruña, A;Total;2004;1.121.344
15 Coruña, A;Total;2003;1.120.814
15 Coruña, A;Total;2002;1.111.886
15 Coruña, A;Total;2001;1.108.002
15 Coruña, A;Total;2000;1.108.419
15 Coruña, A;Total;1999;1.108.980
15 Coruña, A;Total;1998;1.106.325
15001 Abegondo;Total;2021;5.494
15001 Abegondo;Total;2020;5.398
15001 Abegondo;Total;2019;5.406
15001 Abegondo;Total;2018;5.454
15001 Abegondo;Total;2017;5.467
15001 Abegondo;Total;2016;5.533
15001 Abegondo;Total;2015;5.586
15001 Abegondo;Total;2014;5.585
15001 Abegondo;Total;2013;5.664
15001 Abegondo;Total;2012;5.709
15001 Abegondo;Total;2011;5.709
15001 Abegondo;Total;2010;5.765
15001 Abegondo;Total;2009;5.798
15001 Abegondo;Total;2008;5.822
15001 Abegondo;Total;2007;5.808
15001 Abegondo;Total;2006;5.773
15001 Abegondo;Total;2005;5.756
15001 Abegondo;Total;2004;5.732
15001 Abegondo;Total;2003;5.761
15001 Abegondo;Total;2002;5.772
15001 Abegondo;Total;2001;5.694
15001 Abegondo;Total;2000;5.594
15001 Abegondo;Total;1999;5.480
15001 Abegondo;Total;1998;5.451
15002 Ames;Total;2021;31.993
15002 Ames;Total;2020;32.104
15002 Ames;Total;2019;31.793
15002 Ames;Total;2018;31.278
15002 Ames;Total;2017;30.835
15002 Ames;Total;2016;30.544
15002 Ames;Total;2015;30.267
15002 Ames;Total;2014;29.975
15002 Ames;Total;2013;29.689
15002 Ames;Total;2012;29.331
15002 Ames;Total;2011;28.852
15002 Ames;Total;2010;27.900
15002 Ames;Total;2009;26.983
15002 Ames;Total;2008;25.818
15002 Ames;Total;2007;24.553
15002 Ames;Total;2006;23.219
15002 Ames;Total;2005;22.228
15002 Ames;Total;2004;20.840
15002 Ames;Total;2003;20.016
15002 Ames;Total;2002;18.788
15002 Ames;Total;2001;17.737
15002 Ames;Total;2000;16.549
15002 Ames;Total;1999;15.318
15002 Ames;Total;1998;14.189
15003 Aranga;Total;2021;1.833
15003 Aranga;Total;2020;1.834
15003 Aranga;Total;2019;1.849
15003 Aranga;Total;2018;1.894
15003 Aranga;Total;2017;1.935
15003 Aranga;Total;2016;1.982
15003 Aranga;Total;2015;1.997
15003 Aranga;Total;2014;2.033
15003 Aranga;Total;2013;2.051
15003 Aranga;Total;2012;2.072
15003 Aranga;Total;2011;2.113
15003 Aranga;Total;2010;2.126
15003 Aranga;Total;2009;2.142
15003 Aranga;Total;2008;2.181
15003 Aranga;Total;2007;2.219
15003 Aranga;Total;2006;2.230
15003 Aranga;Total;2005;2.264
15003 Aranga;Total;2004;2.274
15003 Aranga;Total;2003;2.307
15003 Aranga;Total;2002;2.379
15003 Aranga;Total;2001;2.414
15003 Aranga;Total;2000;2.423
15003 Aranga;Total;1999;2.444
15003 Aranga;Total;1998;2.448
15004 Ares;Total;2021;5.997
15004 Ares;Total;2020;5.829
15004 Ares;Total;2019;5.732
15004 Ares;Total;2018;5.671
15004 Ares;Total;2017;5.658
15004 Ares;Total;2016;5.672
15004 Ares;Total;2015;5.743
15004 Ares;Total;2014;5.741
15004 Ares;Total;2013;5.801
15004 Ares;Total;2012;5.839
15004 Ares;Total;2011;5.801
15004 Ares;Total;2010;5.705
15004 Ares;Total;2009;5.673
15004 Ares;Total;2008;5.682
15004 Ares;Total;2007;5.598
15004 Ares;Total;2006;5.405
15004 Ares;Total;2005;5.301
15004 Ares;Total;2004;5.265
15004 Ares;Total;2003;5.188
15004 Ares;Total;2002;4.976
15004 Ares;Total;2001;4.918
15004 Ares;Total;2000;4.744
15004 Ares;Total;1999;4.662
15004 Ares;Total;1998;4.662
15005 Arteixo;Total;2021;32.894
15005 Arteixo;Total;2020;32.738
15005 Arteixo;Total;2019;32.262
15005 Arteixo;Total;2018;31.917
15005 Arteixo;Total;2017;31.534
15005 Arteixo;Total;2016;31.239
15005 Arteixo;Total;2015;30.950
15005 Arteixo;Total;2014;30.857
15005 Arteixo;Total;2013;31.005
15005 Arteixo;Total;2012;30.725
15005 Arteixo;Total;2011;30.482
15005 Arteixo;Total;2010;30.255
15005 Arteixo;Total;2009;29.762
15005 Arteixo;Total;2008;28.961
15005 Arteixo;Total;2007;27.713
15005 Arteixo;Total;2006;26.739
15005 Arteixo;Total;2005;26.272
15005 Arteixo;Total;2004;25.295
15005 Arteixo;Total;2003;24.668
15005 Arteixo;Total;2002;23.560
15005 Arteixo;Total;2001;22.709
15005 Arteixo;Total;2000;22.153
15005 Arteixo;Total;1999;21.679
15005 Arteixo;Total;1998;21.290
15006 Arzúa;Total;2021;5.964
15006 Arzúa;Total;2020;6.011
15006 Arzúa;Total;2019;6.041
15006 Arzúa;Total;2018;6.053
15006 Arzúa;Total;2017;6.123
15006 Arzúa;Total;2016;6.211
15006 Arzúa;Total;2015;6.219
15006 Arzúa;Total;2014;6.261
15006 Arzúa;Total;2013;6.276
15006 Arzúa;Total;2012;6.315
15006 Arzúa;Total;2011;6.328
15006 Arzúa;Total;2010;6.409
15006 Arzúa;Total;2009;6.490
15006 Arzúa;Total;2008;6.484
15006 Arzúa;Total;2007;6.529
15006 Arzúa;Total;2006;6.532
15006 Arzúa;Total;2005;6.602
15006 Arzúa;Total;2004;6.632
15006 Arzúa;Total;2003;6.676
15006 Arzúa;Total;2002;6.776
15006 Arzúa;Total;2001;6.832
15006 Arzúa;Total;2000;6.886
15006 Arzúa;Total;1999;6.896
15006 Arzúa;Total;1998;6.947
15007 Baña, A;Total;2021;3.389
15007 Baña, A;Total;2020;3.415
15007 Baña, A;Total;2019;3.450
15007 Baña, A;Total;2018;3.505
15007 Baña, A;Total;2017;3.541
15007 Baña, A;Total;2016;3.645
15007 Baña, A;Total;2015;3.698
15007 Baña, A;Total;2014;3.754
15007 Baña, A;Total;2013;3.849
15007 Baña, A;Total;2012;3.967
15007 Baña, A;Total;2011;4.102
15007 Baña, A;Total;2010;4.320
15007 Baña, A;Total;2009;4.415
15007 Baña, A;Total;2008;4.528
15007 Baña, A;Total;2007;4.673
15007 Baña, A;Total;2006;4.652
15007 Baña, A;Total;2005;4.802
15007 Baña, A;Total;2004;4.888
15007 Baña, A;Total;2003;5.036
15007 Baña, A;Total;2002;5.141
15007 Baña, A;Total;2001;5.230
15007 Baña, A;Total;2000;5.324
15007 Baña, A;Total;1999;5.429
15007 Baña, A;Total;1998;5.578
15008 Bergondo;Total;2021;6.817
15008 Bergondo;Total;2020;6.661
15008 Bergondo;Total;2019;6.633
15008 Bergondo;Total;2018;6.602
15008 Bergondo;Total;2017;6.623
15008 Bergondo;Total;2016;6.656
15008 Bergondo;Total;2015;6.700
15008 Bergondo;Total;2014;6.702
15008 Bergondo;Total;2013;6.738
15008 Bergondo;Total;2012;6.712
15008 Bergondo;Total;2011;6.722
15008 Bergondo;Total;2010;6.758
15008 Bergondo;Total;2009;6.696
15008 Bergondo;Total;2008;6.683
15008 Bergondo;Total;2007;6.540
15008 Bergondo;Total;2006;6.539
15008 Bergondo;Total;2005;6.495
15008 Bergondo;Total;2004;6.413
15008 Bergondo;Total;2003;6.391
15008 Bergondo;Total;2002;6.264
15008 Bergondo;Total;2001;6.179
15008 Bergondo;Total;2000;6.119
15008 Bergondo;Total;1999;5.941
15008 Bergondo;Total;1998;5.817
15009 Betanzos;Total;2021;13.030
15009 Betanzos;Total;2020;13.053
15009 Betanzos;Total;2019;12.959
15009 Betanzos;Total;2018;12.916
15009 Betanzos;Total;2017;12.941
15009 Betanzos;Total;2016;12.966
15009 Betanzos;Total;2015;13.202
15009 Betanzos;Total;2014;13.352
15009 Betanzos;Total;2013;13.445
15009 Betanzos;Total;2012;13.565
15009 Betanzos;Total;2011;13.537
15009 Betanzos;Total;2010;13.673
15009 Betanzos;Total;2009;13.680
15009 Betanzos;Total;2008;13.522
15009 Betanzos;Total;2007;13.328
15009 Betanzos;Total;2006;13.165
15009 Betanzos;Total;2005;13.059
15009 Betanzos;Total;2004;12.990
15009 Betanzos;Total;2003;12.822
15009 Betanzos;Total;2002;12.575
15009 Betanzos;Total;2001;12.423
15009 Betanzos;Total;2000;12.361
15009 Betanzos;Total;1999;12.315
15009 Betanzos;Total;1998;12.296
15010 Boimorto;Total;2021;1.943
15010 Boimorto;Total;2020;1.959
15010 Boimorto;Total;2019;1.985
15010 Boimorto;Total;2018;2.022
15010 Boimorto;Total;2017;2.040
15010 Boimorto;Total;2016;2.111
15010 Boimorto;Total;2015;2.125
15010 Boimorto;Total;2014;2.115
15010 Boimorto;Total;2013;2.154
15010 Boimorto;Total;2012;2.200
15010 Boimorto;Total;2011;2.211
15010 Boimorto;Total;2010;2.271
15010 Boimorto;Total;2009;2.288
15010 Boimorto;Total;2008;2.348
15010 Boimorto;Total;2007;2.370
15010 Boimorto;Total;2006;2.410
15010 Boimorto;Total;2005;2.461
15010 Boimorto;Total;2004;2.486
15010 Boimorto;Total;2003;2.500
15010 Boimorto;Total;2002;2.551
15010 Boimorto;Total;2001;2.582
15010 Boimorto;Total;2000;2.598
15010 Boimorto;Total;1999;2.666
15010 Boimorto;Total;1998;2.691
15011 Boiro;Total;2021;18.955
15011 Boiro;Total;2020;18.884
15011 Boiro;Total;2019;18.838
15011 Boiro;Total;2018;18.844
15011 Boiro;Total;2017;18.885
15011 Boiro;Total;2016;18.871
15011 Boiro;Total;2015;18.950
15011 Boiro;Total;2014;19.060
15011 Boiro;Total;2013;19.144
15011 Boiro;Total;2012;19.165
15011 Boiro;Total;2011;19.106
15011 Boiro;Total;2010;19.076
15011 Boiro;Total;2009;18.883
15011 Boiro;Total;2008;18.730
15011 Boiro;Total;2007;18.547
15011 Boiro;Total;2006;18.554
15011 Boiro;Total;2005;18.469
15011 Boiro;Total;2004;18.302
15011 Boiro;Total;2003;18.241
15011 Boiro;Total;2002;18.064
15011 Boiro;Total;2001;18.074
15011 Boiro;Total;2000;18.038
15011 Boiro;Total;1999;17.915
15011 Boiro;Total;1998;17.845
15012 Boqueixón;Total;2021;4.186
15012 Boqueixón;Total;2020;4.206
15012 Boqueixón;Total;2019;4.220
15012 Boqueixón;Total;2018;4.215
15012 Boqueixón;Total;2017;4.242
15012 Boqueixón;Total;2016;4.291
15012 Boqueixón;Total;2015;4.321
15012 Boqueixón;Total;2014;4.342
15012 Boqueixón;Total;2013;4.370
15012 Boqueixón;Total;2012;4.417
15012 Boqueixón;Total;2011;4.430
15012 Boqueixón;Total;2010;4.444
15012 Boqueixón;Total;2009;4.462
15012 Boqueixón;Total;2008;4.445
15012 Boqueixón;Total;2007;4.437
15012 Boqueixón;Total;2006;4.406
15012 Boqueixón;Total;2005;4.378
15012 Boqueixón;Total;2004;4.337
15012 Boqueixón;Total;2003;4.263
15012 Boqueixón;Total;2002;4.261
15012 Boqueixón;Total;2001;4.266
15012 Boqueixón;Total;2000;4.291
15012 Boqueixón;Total;1999;4.245
15012 Boqueixón;Total;1998;4.275
15013 Brión;Total;2021;7.957
15013 Brión;Total;2020;7.923
15013 Brión;Total;2019;7.837
15013 Brión;Total;2018;7.748
15013 Brión;Total;2017;7.699
15013 Brión;Total;2016;7.590
15013 Brión;Total;2015;7.564
15013 Brión;Total;2014;7.519
15013 Brión;Total;2013;7.435
15013 Brión;Total;2012;7.369
15013 Brión;Total;2011;7.462
15013 Brión;Total;2010;7.347
15013 Brión;Total;2009;7.205
15013 Brión;Total;2008;7.104
15013 Brión;Total;2007;7.087
15013 Brión;Total;2006;6.972
15013 Brión;Total;2005;6.849
15013 Brión;Total;2004;6.684
15013 Brión;Total;2003;6.576
15013 Brión;Total;2002;6.437
15013 Brión;Total;2001;6.292
15013 Brión;Total;2000;6.239
15013 Brión;Total;1999;6.275
15013 Brión;Total;1998;6.275
15014 Cabana de Bergantiños;Total;2021;4.185
15014 Cabana de Bergantiños;Total;2020;4.216
15014 Cabana de Bergantiños;Total;2019;4.248
15014 Cabana de Bergantiños;Total;2018;4.337
15014 Cabana de Bergantiños;Total;2017;4.347
15014 Cabana de Bergantiños;Total;2016;4.446
15014 Cabana de Bergantiños;Total;2015;4.552
15014 Cabana de Bergantiños;Total;2014;4.623
15014 Cabana de Bergantiños;Total;2013;4.716
15014 Cabana de Bergantiños;Total;2012;4.759
15014 Cabana de Bergantiños;Total;2011;4.865
15014 Cabana de Bergantiños;Total;2010;4.909
15014 Cabana de Bergantiños;Total;2009;4.985
15014 Cabana de Bergantiños;Total;2008;5.045
15014 Cabana de Bergantiños;Total;2007;5.091
15014 Cabana de Bergantiños;Total;2006;5.199
15014 Cabana de Bergantiños;Total;2005;5.294
15014 Cabana de Bergantiños;Total;2004;5.354
15014 Cabana de Bergantiños;Total;2003;5.447
15014 Cabana de Bergantiños;Total;2002;5.592
15014 Cabana de Bergantiños;Total;2001;5.689
15014 Cabana de Bergantiños;Total;2000;5.733
15014 Cabana de Bergantiños;Total;1999;5.785
15014 Cabana de Bergantiños;Total;1998;5.804
15015 Cabanas;Total;2021;3.359
15015 Cabanas;Total;2020;3.274
15015 Cabanas;Total;2019;3.281
15015 Cabanas;Total;2018;3.318
15015 Cabanas;Total;2017;3.314
15015 Cabanas;Total;2016;3.259
15015 Cabanas;Total;2015;3.299
15015 Cabanas;Total;2014;3.294
15015 Cabanas;Total;2013;3.287
15015 Cabanas;Total;2012;3.299
15015 Cabanas;Total;2011;3.346
15015 Cabanas;Total;2010;3.375
15015 Cabanas;Total;2009;3.336
15015 Cabanas;Total;2008;3.287
15015 Cabanas;Total;2007;3.272
15015 Cabanas;Total;2006;3.343
15015 Cabanas;Total;2005;3.368
15015 Cabanas;Total;2004;3.368
15015 Cabanas;Total;2003;3.330
15015 Cabanas;Total;2002;3.334
15015 Cabanas;Total;2001;3.292
15015 Cabanas;Total;2000;3.262
15015 Cabanas;Total;1999;3.271
15015 Cabanas;Total;1998;3.249
15016 Camariñas;Total;2021;5.224
15016 Camariñas;Total;2020;5.209
15016 Camariñas;Total;2019;5.272
15016 Camariñas;Total;2018;5.322
15016 Camariñas;Total;2017;5.419
15016 Camariñas;Total;2016;5.486
15016 Camariñas;Total;2015;5.577
15016 Camariñas;Total;2014;5.774
15016 Camariñas;Total;2013;5.874
15016 Camariñas;Total;2012;6.082
15016 Camariñas;Total;2011;6.168
15016 Camariñas;Total;2010;6.226
15016 Camariñas;Total;2009;6.224
15016 Camariñas;Total;2008;6.207
15016 Camariñas;Total;2007;6.275
15016 Camariñas;Total;2006;6.323
15016 Camariñas;Total;2005;6.467
15016 Camariñas;Total;2004;6.502
15016 Camariñas;Total;2003;6.597
15016 Camariñas;Total;2002;6.620
15016 Camariñas;Total;2001;6.747
15016 Camariñas;Total;2000;6.813
15016 Camariñas;Total;1999;7.063
15016 Camariñas;Total;1998;7.105
15017 Cambre;Total;2021;24.616
15017 Cambre;Total;2020;24.594
15017 Cambre;Total;2019;24.648
15017 Cambre;Total;2018;24.603
15017 Cambre;Total;2017;24.348
15017 Cambre;Total;2016;24.141
15017 Cambre;Total;2015;24.076
15017 Cambre;Total;2014;24.029
15017 Cambre;Total;2013;23.999
15017 Cambre;Total;2012;23.879
15017 Cambre;Total;2011;23.649
15017 Cambre;Total;2010;23.621
15017 Cambre;Total;2009;23.231
15017 Cambre;Total;2008;22.900
15017 Cambre;Total;2007;22.513
15017 Cambre;Total;2006;22.092
15017 Cambre;Total;2005;21.523
15017 Cambre;Total;2004;20.919
15017 Cambre;Total;2003;20.297
15017 Cambre;Total;2002;19.504
15017 Cambre;Total;2001;18.691
15017 Cambre;Total;2000;17.805
15017 Cambre;Total;1999;17.074
15017 Cambre;Total;1998;16.401
15018 Capela, A;Total;2021;1.242
15018 Capela, A;Total;2020;1.221
15018 Capela, A;Total;2019;1.232
15018 Capela, A;Total;2018;1.238
15018 Capela, A;Total;2017;1.274
15018 Capela, A;Total;2016;1.318
15018 Capela, A;Total;2015;1.334
15018 Capela, A;Total;2014;1.356
15018 Capela, A;Total;2013;1.366
15018 Capela, A;Total;2012;1.376
15018 Capela, A;Total;2011;1.386
15018 Capela, A;Total;2010;1.399
15018 Capela, A;Total;2009;1.417
15018 Capela, A;Total;2008;1.439
15018 Capela, A;Total;2007;1.471
15018 Capela, A;Total;2006;1.487
15018 Capela, A;Total;2005;1.514
15018 Capela, A;Total;2004;1.526
15018 Capela, A;Total;2003;1.520
15018 Capela, A;Total;2002;1.534
15018 Capela, A;Total;2001;1.559
15018 Capela, A;Total;2000;1.595
15018 Capela, A;Total;1999;1.601
15018 Capela, A;Total;1998;1.619
15019 Carballo;Total;2021;31.414
15019 Carballo;Total;2020;31.429
15019 Carballo;Total;2019;31.349
15019 Carballo;Total;2018;31.261
15019 Carballo;Total;2017;31.195
15019 Carballo;Total;2016;31.256
15019 Carballo;Total;2015;31.283
15019 Carballo;Total;2014;31.288
15019 Carballo;Total;2013;31.366
15019 Carballo;Total;2012;31.358
15019 Carballo;Total;2011;31.303
15019 Carballo;Total;2010;31.149
15019 Carballo;Total;2009;30.990
15019 Carballo;Total;2008;30.653
15019 Carballo;Total;2007;30.091
15019 Carballo;Total;2006;29.985
15019 Carballo;Total;2005;29.689
15019 Carballo;Total;2004;29.521
15019 Carballo;Total;2003;28.949
15019 Carballo;Total;2002;28.527
15019 Carballo;Total;2001;28.497
15019 Carballo;Total;2000;28.271
15019 Carballo;Total;1999;27.980
15019 Carballo;Total;1998;27.497
15901 Cariño;Total;2021;3.763
15901 Cariño;Total;2020;3.775
15901 Cariño;Total;2019;3.838
15901 Cariño;Total;2018;3.945
15901 Cariño;Total;2017;4.004
15901 Cariño;Total;2016;4.072
15901 Cariño;Total;2015;4.167
15901 Cariño;Total;2014;4.241
15901 Cariño;Total;2013;4.337
15901 Cariño;Total;2012;4.373
15901 Cariño;Total;2011;4.474
15901 Cariño;Total;2010;4.530
15901 Cariño;Total;2009;4.590
15901 Cariño;Total;2008;4.617
15901 Cariño;Total;2007;4.680
15901 Cariño;Total;2006;4.700
15901 Cariño;Total;2005;4.788
15901 Cariño;Total;2004;4.798
15901 Cariño;Total;2003;4.812
15901 Cariño;Total;2002;4.861
15901 Cariño;Total;2001;4.967
15901 Cariño;Total;2000;5.036
15901 Cariño;Total;1999;5.110
15901 Cariño;Total;1998;5.199
15020 Carnota;Total;2021;3.854
15020 Carnota;Total;2020;3.899
15020 Carnota;Total;2019;3.957
15020 Carnota;Total;2018;4.031
15020 Carnota;Total;2017;4.060
15020 Carnota;Total;2016;4.170
15020 Carnota;Total;2015;4.284
15020 Carnota;Total;2014;4.376
15020 Carnota;Total;2013;4.504
15020 Carnota;Total;2012;4.605
15020 Carnota;Total;2011;4.834
15020 Carnota;Total;2010;4.904
15020 Carnota;Total;2009;4.938
15020 Carnota;Total;2008;4.958
15020 Carnota;Total;2007;5.017
15020 Carnota;Total;2006;5.112
15020 Carnota;Total;2005;5.244
15020 Carnota;Total;2004;5.285
15020 Carnota;Total;2003;5.421
15020 Carnota;Total;2002;5.510
15020 Carnota;Total;2001;5.593
15020 Carnota;Total;2000;5.645
15020 Carnota;Total;1999;5.864
15020 Carnota;Total;1998;5.930
15021 Carral;Total;2021;6.574
15021 Carral;Total;2020;6.473
15021 Carral;Total;2019;6.408
15021 Carral;Total;2018;6.294
15021 Carral;Total;2017;6.237
15021 Carral;Total;2016;6.172
15021 Carral;Total;2015;6.180
15021 Carral;Total;2014;6.118
15021 Carral;Total;2013;6.123
15021 Carral;Total;2012;6.130
15021 Carral;Total;2011;6.064
15021 Carral;Total;2010;5.945
15021 Carral;Total;2009;5.770
15021 Carral;Total;2008;5.672
15021 Carral;Total;2007;5.647
15021 Carral;Total;2006;5.579
15021 Carral;Total;2005;5.527
15021 Carral;Total;2004;5.453
15021 Carral;Total;2003;5.373
15021 Carral;Total;2002;5.290
15021 Carral;Total;2001;5.282
15021 Carral;Total;2000;5.275
15021 Carral;Total;1999;5.290
15021 Carral;Total;1998;5.212
15022 Cedeira;Total;2021;6.650
15022 Cedeira;Total;2020;6.676
15022 Cedeira;Total;2019;6.640
15022 Cedeira;Total;2018;6.794
15022 Cedeira;Total;2017;6.888
15022 Cedeira;Total;2016;6.997
15022 Cedeira;Total;2015;7.062
15022 Cedeira;Total;2014;7.147
15022 Cedeira;Total;2013;7.246
15022 Cedeira;Total;2012;7.254
15022 Cedeira;Total;2011;7.338
15022 Cedeira;Total;2010;7.412
15022 Cedeira;Total;2009;7.465
15022 Cedeira;Total;2008;7.511
15022 Cedeira;Total;2007;7.482
15022 Cedeira;Total;2006;7.443
15022 Cedeira;Total;2005;7.429
15022 Cedeira;Total;2004;7.477
15022 Cedeira;Total;2003;7.498
15022 Cedeira;Total;2002;7.572
15022 Cedeira;Total;2001;7.595
15022 Cedeira;Total;2000;7.528
15022 Cedeira;Total;1999;7.553
15022 Cedeira;Total;1998;7.699
15023 Cee;Total;2021;7.568
15023 Cee;Total;2020;7.550
15023 Cee;Total;2019;7.546
15023 Cee;Total;2018;7.576
15023 Cee;Total;2017;7.539
15023 Cee;Total;2016;7.631
15023 Cee;Total;2015;7.723
15023 Cee;Total;2014;7.760
15023 Cee;Total;2013;7.808
15023 Cee;Total;2012;7.855
15023 Cee;Total;2011;7.898
15023 Cee;Total;2010;7.818
15023 Cee;Total;2009;7.712
15023 Cee;Total;2008;7.691
15023 Cee;Total;2007;7.555
15023 Cee;Total;2006;7.489
15023 Cee;Total;2005;7.467
15023 Cee;Total;2004;7.344
15023 Cee;Total;2003;7.308
15023 Cee;Total;2002;7.239
15023 Cee;Total;2001;7.320
15023 Cee;Total;2000;7.364
15023 Cee;Total;1999;7.352
15023 Cee;Total;1998;7.326
15024 Cerceda;Total;2021;4.996
15024 Cerceda;Total;2020;5.008
15024 Cerceda;Total;2019;5.001
15024 Cerceda;Total;2018;5.023
15024 Cerceda;Total;2017;4.992
15024 Cerceda;Total;2016;5.031
15024 Cerceda;Total;2015;5.076
15024 Cerceda;Total;2014;5.156
15024 Cerceda;Total;2013;5.265
15024 Cerceda;Total;2012;5.318
15024 Cerceda;Total;2011;5.392
15024 Cerceda;Total;2010;5.486
15024 Cerceda;Total;2009;5.570
15024 Cerceda;Total;2008;5.597
15024 Cerceda;Total;2007;5.587
15024 Cerceda;Total;2006;5.483
15024 Cerceda;Total;2005;5.500
15024 Cerceda;Total;2004;5.499
15024 Cerceda;Total;2003;5.471
15024 Cerceda;Total;2002;5.492
15024 Cerceda;Total;2001;5.503
15024 Cerceda;Total;2000;5.573
15024 Cerceda;Total;1999;5.513
15024 Cerceda;Total;1998;5.658
15025 Cerdido;Total;2021;1.075
15025 Cerdido;Total;2020;1.087
15025 Cerdido;Total;2019;1.113
15025 Cerdido;Total;2018;1.126
15025 Cerdido;Total;2017;1.170
15025 Cerdido;Total;2016;1.191
15025 Cerdido;Total;2015;1.233
15025 Cerdido;Total;2014;1.249
15025 Cerdido;Total;2013;1.258
15025 Cerdido;Total;2012;1.312
15025 Cerdido;Total;2011;1.328
15025 Cerdido;Total;2010;1.361
15025 Cerdido;Total;2009;1.359
15025 Cerdido;Total;2008;1.384
15025 Cerdido;Total;2007;1.439
15025 Cerdido;Total;2006;1.496
15025 Cerdido;Total;2005;1.522
15025 Cerdido;Total;2004;1.558
15025 Cerdido;Total;2003;1.589
15025 Cerdido;Total;2002;1.619
15025 Cerdido;Total;2001;1.638
15025 Cerdido;Total;2000;1.668
15025 Cerdido;Total;1999;1.692
15025 Cerdido;Total;1998;1.707
15026 Cesuras;Total;2021;""
15026 Cesuras;Total;2020;""
15026 Cesuras;Total;2019;""
15026 Cesuras;Total;2018;""
15026 Cesuras;Total;2017;""
15026 Cesuras;Total;2016;""
15026 Cesuras;Total;2015;""
15026 Cesuras;Total;2014;""
15026 Cesuras;Total;2013;2.131
15026 Cesuras;Total;2012;2.174
15026 Cesuras;Total;2011;2.225
15026 Cesuras;Total;2010;2.209
15026 Cesuras;Total;2009;2.219
15026 Cesuras;Total;2008;2.274
15026 Cesuras;Total;2007;2.323
15026 Cesuras;Total;2006;2.391
15026 Cesuras;Total;2005;2.427
15026 Cesuras;Total;2004;2.463
15026 Cesuras;Total;2003;2.509
15026 Cesuras;Total;2002;2.555
15026 Cesuras;Total;2001;2.595
15026 Cesuras;Total;2000;2.646
15026 Cesuras;Total;1999;2.703
15026 Cesuras;Total;1998;2.733
15027 Coirós;Total;2021;1.873
15027 Coirós;Total;2020;1.853
15027 Coirós;Total;2019;1.824
15027 Coirós;Total;2018;1.824
15027 Coirós;Total;2017;1.801
15027 Coirós;Total;2016;1.789
15027 Coirós;Total;2015;1.757
15027 Coirós;Total;2014;1.747
15027 Coirós;Total;2013;1.751
15027 Coirós;Total;2012;1.765
15027 Coirós;Total;2011;1.771
15027 Coirós;Total;2010;1.722
15027 Coirós;Total;2009;1.713
15027 Coirós;Total;2008;1.713
15027 Coirós;Total;2007;1.660
15027 Coirós;Total;2006;1.654
15027 Coirós;Total;2005;1.654
15027 Coirós;Total;2004;1.650
15027 Coirós;Total;2003;1.602
15027 Coirós;Total;2002;1.577
15027 Coirós;Total;2001;1.556
15027 Coirós;Total;2000;1.552
15027 Coirós;Total;1999;1.549
15027 Coirós;Total;1998;1.553
15028 Corcubión;Total;2021;1.606
15028 Corcubión;Total;2020;1.590
15028 Corcubión;Total;2019;1.589
15028 Corcubión;Total;2018;1.578
15028 Corcubión;Total;2017;1.592
15028 Corcubión;Total;2016;1.606
15028 Corcubión;Total;2015;1.655
15028 Corcubión;Total;2014;1.672
15028 Corcubión;Total;2013;1.654
15028 Corcubión;Total;2012;1.731
15028 Corcubión;Total;2011;1.767
15028 Corcubión;Total;2010;1.803
15028 Corcubión;Total;2009;1.815
15028 Corcubión;Total;2008;1.822
15028 Corcubión;Total;2007;1.887
15028 Corcubión;Total;2006;1.912
15028 Corcubión;Total;2005;1.927
15028 Corcubión;Total;2004;1.964
15028 Corcubión;Total;2003;1.997
15028 Corcubión;Total;2002;2.002
15028 Corcubión;Total;2001;2.001
15028 Corcubión;Total;2000;1.945
15028 Corcubión;Total;1999;1.929
15028 Corcubión;Total;1998;1.949
15029 Coristanco;Total;2021;5.878
15029 Coristanco;Total;2020;5.950
15029 Coristanco;Total;2019;6.074
15029 Coristanco;Total;2018;6.177
15029 Coristanco;Total;2017;6.313
15029 Coristanco;Total;2016;6.426
15029 Coristanco;Total;2015;6.551
15029 Coristanco;Total;2014;6.706
15029 Coristanco;Total;2013;6.875
15029 Coristanco;Total;2012;6.974
15029 Coristanco;Total;2011;7.102
15029 Coristanco;Total;2010;7.165
15029 Coristanco;Total;2009;7.285
15029 Coristanco;Total;2008;7.376
15029 Coristanco;Total;2007;7.528
15029 Coristanco;Total;2006;7.582
15029 Coristanco;Total;2005;7.646
15029 Coristanco;Total;2004;7.765
15029 Coristanco;Total;2003;7.860
15029 Coristanco;Total;2002;8.001
15029 Coristanco;Total;2001;8.098
15029 Coristanco;Total;2000;8.146
15029 Coristanco;Total;1999;8.218
15029 Coristanco;Total;1998;8.240
15030 Coruña, A;Total;2021;245.468
15030 Coruña, A;Total;2020;247.604
15030 Coruña, A;Total;2019;245.711
15030 Coruña, A;Total;2018;244.850
15030 Coruña, A;Total;2017;244.099
15030 Coruña, A;Total;2016;243.978
15030 Coruña, A;Total;2015;243.870
15030 Coruña, A;Total;2014;244.810
15030 Coruña, A;Total;2013;245.923
15030 Coruña, A;Total;2012;246.146
15030 Coruña, A;Total;2011;246.028
15030 Coruña, A;Total;2010;246.047
15030 Coruña, A;Total;2009;246.056
15030 Coruña, A;Total;2008;245.164
15030 Coruña, A;Total;2007;244.388
15030 Coruña, A;Total;2006;243.320
15030 Coruña, A;Total;2005;243.349
15030 Coruña, A;Total;2004;242.846
15030 Coruña, A;Total;2003;243.902
15030 Coruña, A;Total;2002;242.458
15030 Coruña, A;Total;2001;239.434
15030 Coruña, A;Total;2000;241.769
15030 Coruña, A;Total;1999;243.402
15030 Coruña, A;Total;1998;243.134
15031 Culleredo;Total;2021;30.758
15031 Culleredo;Total;2020;30.685
15031 Culleredo;Total;2019;30.402
15031 Culleredo;Total;2018;30.221
15031 Culleredo;Total;2017;29.982
15031 Culleredo;Total;2016;29.638
15031 Culleredo;Total;2015;29.593
15031 Culleredo;Total;2014;29.434
15031 Culleredo;Total;2013;29.415
15031 Culleredo;Total;2012;29.416
15031 Culleredo;Total;2011;29.207
15031 Culleredo;Total;2010;28.737
15031 Culleredo;Total;2009;28.227
15031 Culleredo;Total;2008;27.670
15031 Culleredo;Total;2007;26.707
15031 Culleredo;Total;2006;26.547
15031 Culleredo;Total;2005;25.650
15031 Culleredo;Total;2004;24.640
15031 Culleredo;Total;2003;23.851
15031 Culleredo;Total;2002;22.745
15031 Culleredo;Total;2001;22.076
15031 Culleredo;Total;2000;20.890
15031 Culleredo;Total;1999;19.867
15031 Culleredo;Total;1998;18.743
15032 Curtis;Total;2021;4.081
15032 Curtis;Total;2020;4.053
15032 Curtis;Total;2019;3.983
15032 Curtis;Total;2018;3.958
15032 Curtis;Total;2017;3.968
15032 Curtis;Total;2016;3.980
15032 Curtis;Total;2015;4.015
15032 Curtis;Total;2014;4.048
15032 Curtis;Total;2013;4.112
15032 Curtis;Total;2012;4.159
15032 Curtis;Total;2011;4.214
15032 Curtis;Total;2010;4.228
15032 Curtis;Total;2009;4.246
15032 Curtis;Total;2008;4.245
15032 Curtis;Total;2007;4.244
15032 Curtis;Total;2006;4.287
15032 Curtis;Total;2005;4.369
15032 Curtis;Total;2004;4.421
15032 Curtis;Total;2003;4.438
15032 Curtis;Total;2002;4.451
15032 Curtis;Total;2001;4.432
15032 Curtis;Total;2000;4.468
15032 Curtis;Total;1999;4.444
15032 Curtis;Total;1998;4.523
15033 Dodro;Total;2021;2.710
15033 Dodro;Total;2020;2.750
15033 Dodro;Total;2019;2.768
15033 Dodro;Total;2018;2.791
15033 Dodro;Total;2017;2.832
15033 Dodro;Total;2016;2.853
15033 Dodro;Total;2015;2.882
15033 Dodro;Total;2014;2.913
15033 Dodro;Total;2013;2.934
15033 Dodro;Total;2012;2.977
15033 Dodro;Total;2011;2.980
15033 Dodro;Total;2010;3.017
15033 Dodro;Total;2009;3.029
15033 Dodro;Total;2008;3.024
15033 Dodro;Total;2007;3.053
15033 Dodro;Total;2006;3.087
15033 Dodro;Total;2005;3.122
15033 Dodro;Total;2004;3.162
15033 Dodro;Total;2003;3.209
15033 Dodro;Total;2002;3.213
15033 Dodro;Total;2001;3.243
15033 Dodro;Total;2000;3.280
15033 Dodro;Total;1999;3.296
15033 Dodro;Total;1998;3.313
15034 Dumbría;Total;2021;2.927
15034 Dumbría;Total;2020;2.935
15034 Dumbría;Total;2019;2.983
15034 Dumbría;Total;2018;3.040
15034 Dumbría;Total;2017;3.053
15034 Dumbría;Total;2016;3.085
15034 Dumbría;Total;2015;3.077
15034 Dumbría;Total;2014;3.137
15034 Dumbría;Total;2013;3.216
15034 Dumbría;Total;2012;3.291
15034 Dumbría;Total;2011;3.652
15034 Dumbría;Total;2010;3.705
15034 Dumbría;Total;2009;3.751
15034 Dumbría;Total;2008;3.820
15034 Dumbría;Total;2007;3.890
15034 Dumbría;Total;2006;3.970
15034 Dumbría;Total;2005;4.067
15034 Dumbría;Total;2004;4.166
15034 Dumbría;Total;2003;4.307
15034 Dumbría;Total;2002;4.428
15034 Dumbría;Total;2001;4.488
15034 Dumbría;Total;2000;4.529
15034 Dumbría;Total;1999;4.611
15034 Dumbría;Total;1998;4.755
15035 Fene;Total;2021;12.832
15035 Fene;Total;2020;12.868
15035 Fene;Total;2019;12.944
15035 Fene;Total;2018;13.013
15035 Fene;Total;2017;13.110
15035 Fene;Total;2016;13.250
15035 Fene;Total;2015;13.385
15035 Fene;Total;2014;13.498
15035 Fene;Total;2013;13.639
15035 Fene;Total;2012;13.780
15035 Fene;Total;2011;13.902
15035 Fene;Total;2010;14.092
15035 Fene;Total;2009;14.165
15035 Fene;Total;2008;14.169
15035 Fene;Total;2007;14.222
15035 Fene;Total;2006;14.346
15035 Fene;Total;2005;14.355
15035 Fene;Total;2004;14.485
15035 Fene;Total;2003;14.530
15035 Fene;Total;2002;14.638
15035 Fene;Total;2001;14.690
15035 Fene;Total;2000;14.848
15035 Fene;Total;1999;14.875
15035 Fene;Total;1998;14.912
15036 Ferrol;Total;2021;64.785
15036 Ferrol;Total;2020;65.560
15036 Ferrol;Total;2019;66.065
15036 Ferrol;Total;2018;66.799
15036 Ferrol;Total;2017;67.569
15036 Ferrol;Total;2016;68.308
15036 Ferrol;Total;2015;69.452
15036 Ferrol;Total;2014;70.389
15036 Ferrol;Total;2013;71.232
15036 Ferrol;Total;2012;71.997
15036 Ferrol;Total;2011;72.963
15036 Ferrol;Total;2010;73.638
15036 Ferrol;Total;2009;74.273
15036 Ferrol;Total;2008;74.696
15036 Ferrol;Total;2007;75.181
15036 Ferrol;Total;2006;76.399
15036 Ferrol;Total;2005;77.155
15036 Ferrol;Total;2004;77.859
15036 Ferrol;Total;2003;78.764
15036 Ferrol;Total;2002;79.520
15036 Ferrol;Total;2001;80.347
15036 Ferrol;Total;2000;81.255
15036 Ferrol;Total;1999;81.991
15036 Ferrol;Total;1998;82.548
15037 Fisterra;Total;2021;4.714
15037 Fisterra;Total;2020;4.697
15037 Fisterra;Total;2019;4.708
15037 Fisterra;Total;2018;4.701
15037 Fisterra;Total;2017;4.734
15037 Fisterra;Total;2016;4.737
15037 Fisterra;Total;2015;4.775
15037 Fisterra;Total;2014;4.824
15037 Fisterra;Total;2013;4.907
15037 Fisterra;Total;2012;4.990
15037 Fisterra;Total;2011;4.983
15037 Fisterra;Total;2010;4.995
15037 Fisterra;Total;2009;5.005
15037 Fisterra;Total;2008;4.959
15037 Fisterra;Total;2007;4.971
15037 Fisterra;Total;2006;5.009
15037 Fisterra;Total;2005;5.042
15037 Fisterra;Total;2004;5.093
15037 Fisterra;Total;2003;5.141
15037 Fisterra;Total;2002;5.132
15037 Fisterra;Total;2001;5.175
15037 Fisterra;Total;2000;5.224
15037 Fisterra;Total;1999;5.295
15037 Fisterra;Total;1998;5.295
15038 Frades;Total;2021;2.306
15038 Frades;Total;2020;2.302
15038 Frades;Total;2019;2.339
15038 Frades;Total;2018;2.385
15038 Frades;Total;2017;2.422
15038 Frades;Total;2016;2.428
15038 Frades;Total;2015;2.460
15038 Frades;Total;2014;2.485
15038 Frades;Total;2013;2.509
15038 Frades;Total;2012;2.566
15038 Frades;Total;2011;2.607
15038 Frades;Total;2010;2.648
15038 Frades;Total;2009;2.706
15038 Frades;Total;2008;2.732
15038 Frades;Total;2007;2.817
15038 Frades;Total;2006;2.841
15038 Frades;Total;2005;2.871
15038 Frades;Total;2004;2.920
15038 Frades;Total;2003;2.975
15038 Frades;Total;2002;3.019
15038 Frades;Total;2001;3.055
15038 Frades;Total;2000;3.083
15038 Frades;Total;1999;3.096
15038 Frades;Total;1998;3.150
15039 Irixoa;Total;2021;1.340
15039 Irixoa;Total;2020;1.340
15039 Irixoa;Total;2019;1.334
15039 Irixoa;Total;2018;1.333
15039 Irixoa;Total;2017;1.361
15039 Irixoa;Total;2016;1.369
15039 Irixoa;Total;2015;1.389
15039 Irixoa;Total;2014;1.421
15039 Irixoa;Total;2013;1.442
15039 Irixoa;Total;2012;1.492
15039 Irixoa;Total;2011;1.502
15039 Irixoa;Total;2010;1.501
15039 Irixoa;Total;2009;1.526
15039 Irixoa;Total;2008;1.550
15039 Irixoa;Total;2007;1.562
15039 Irixoa;Total;2006;1.552
15039 Irixoa;Total;2005;1.579
15039 Irixoa;Total;2004;1.619
15039 Irixoa;Total;2003;1.632
15039 Irixoa;Total;2002;1.673
15039 Irixoa;Total;2001;1.722
15039 Irixoa;Total;2000;1.719
15039 Irixoa;Total;1999;1.758
15039 Irixoa;Total;1998;1.768
15041 Laracha, A;Total;2021;11.521
15041 Laracha, A;Total;2020;11.406
15041 Laracha, A;Total;2019;11.347
15041 Laracha, A;Total;2018;11.302
15041 Laracha, A;Total;2017;11.281
15041 Laracha, A;Total;2016;11.295
15041 Laracha, A;Total;2015;11.402
15041 Laracha, A;Total;2014;11.443
15041 Laracha, A;Total;2013;11.375
15041 Laracha, A;Total;2012;11.367
15041 Laracha, A;Total;2011;11.337
15041 Laracha, A;Total;2010;11.213
15041 Laracha, A;Total;2009;11.171
15041 Laracha, A;Total;2008;11.079
15041 Laracha, A;Total;2007;10.871
15041 Laracha, A;Total;2006;10.803
15041 Laracha, A;Total;2005;10.806
15041 Laracha, A;Total;2004;10.800
15041 Laracha, A;Total;2003;10.782
15041 Laracha, A;Total;2002;10.683
15041 Laracha, A;Total;2001;10.666
15041 Laracha, A;Total;2000;10.701
15041 Laracha, A;Total;1999;10.669
15041 Laracha, A;Total;1998;10.706
15040 Laxe;Total;2021;3.004
15040 Laxe;Total;2020;2.990
15040 Laxe;Total;2019;3.016
15040 Laxe;Total;2018;3.084
15040 Laxe;Total;2017;3.090
15040 Laxe;Total;2016;3.148
15040 Laxe;Total;2015;3.185
15040 Laxe;Total;2014;3.207
15040 Laxe;Total;2013;3.267
15040 Laxe;Total;2012;3.313
15040 Laxe;Total;2011;3.366
15040 Laxe;Total;2010;3.417
15040 Laxe;Total;2009;3.413
15040 Laxe;Total;2008;3.434
15040 Laxe;Total;2007;3.453
15040 Laxe;Total;2006;3.489
15040 Laxe;Total;2005;3.539
15040 Laxe;Total;2004;3.558
15040 Laxe;Total;2003;3.544
15040 Laxe;Total;2002;3.557
15040 Laxe;Total;2001;3.575
15040 Laxe;Total;2000;3.551
15040 Laxe;Total;1999;3.541
15040 Laxe;Total;1998;3.541
15042 Lousame;Total;2021;3.235
15042 Lousame;Total;2020;3.268
15042 Lousame;Total;2019;3.338
15042 Lousame;Total;2018;3.386
15042 Lousame;Total;2017;3.447
15042 Lousame;Total;2016;3.429
15042 Lousame;Total;2015;3.463
15042 Lousame;Total;2014;3.513
15042 Lousame;Total;2013;3.493
15042 Lousame;Total;2012;3.621
15042 Lousame;Total;2011;3.657
15042 Lousame;Total;2010;3.699
15042 Lousame;Total;2009;3.687
15042 Lousame;Total;2008;3.702
15042 Lousame;Total;2007;3.756
15042 Lousame;Total;2006;3.798
15042 Lousame;Total;2005;3.854
15042 Lousame;Total;2004;3.912
15042 Lousame;Total;2003;3.957
15042 Lousame;Total;2002;4.035
15042 Lousame;Total;2001;4.117
15042 Lousame;Total;2000;4.199
15042 Lousame;Total;1999;4.219
15042 Lousame;Total;1998;4.329
15043 Malpica de Bergantiños;Total;2021;5.332
15043 Malpica de Bergantiños;Total;2020;5.352
15043 Malpica de Bergantiños;Total;2019;5.391
15043 Malpica de Bergantiños;Total;2018;5.447
15043 Malpica de Bergantiños;Total;2017;5.518
15043 Malpica de Bergantiños;Total;2016;5.616
15043 Malpica de Bergantiños;Total;2015;5.666
15043 Malpica de Bergantiños;Total;2014;5.768
15043 Malpica de Bergantiños;Total;2013;5.875
15043 Malpica de Bergantiños;Total;2012;5.998
15043 Malpica de Bergantiños;Total;2011;6.102
15043 Malpica de Bergantiños;Total;2010;6.178
15043 Malpica de Bergantiños;Total;2009;6.228
15043 Malpica de Bergantiños;Total;2008;6.320
15043 Malpica de Bergantiños;Total;2007;6.432
15043 Malpica de Bergantiños;Total;2006;6.567
15043 Malpica de Bergantiños;Total;2005;6.786
15043 Malpica de Bergantiños;Total;2004;6.890
15043 Malpica de Bergantiños;Total;2003;6.944
15043 Malpica de Bergantiños;Total;2002;7.070
15043 Malpica de Bergantiños;Total;2001;7.172
15043 Malpica de Bergantiños;Total;2000;7.262
15043 Malpica de Bergantiños;Total;1999;7.325
15043 Malpica de Bergantiños;Total;1998;7.377
15044 Mañón;Total;2021;1.309
15044 Mañón;Total;2020;1.319
15044 Mañón;Total;2019;1.356
15044 Mañón;Total;2018;1.363
15044 Mañón;Total;2017;1.391
15044 Mañón;Total;2016;1.420
15044 Mañón;Total;2015;1.454
15044 Mañón;Total;2014;1.455
15044 Mañón;Total;2013;1.507
15044 Mañón;Total;2012;1.537
15044 Mañón;Total;2011;1.589
15044 Mañón;Total;2010;1.602
15044 Mañón;Total;2009;1.622
15044 Mañón;Total;2008;1.628
15044 Mañón;Total;2007;1.693
15044 Mañón;Total;2006;1.765
15044 Mañón;Total;2005;1.803
15044 Mañón;Total;2004;1.830
15044 Mañón;Total;2003;1.848
15044 Mañón;Total;2002;1.898
15044 Mañón;Total;2001;1.921
15044 Mañón;Total;2000;1.932
15044 Mañón;Total;1999;1.987
15044 Mañón;Total;1998;2.034
15045 Mazaricos;Total;2021;3.806
15045 Mazaricos;Total;2020;3.841
15045 Mazaricos;Total;2019;3.885
15045 Mazaricos;Total;2018;3.947
15045 Mazaricos;Total;2017;4.014
15045 Mazaricos;Total;2016;4.087
15045 Mazaricos;Total;2015;4.173
15045 Mazaricos;Total;2014;4.289
15045 Mazaricos;Total;2013;4.141
15045 Mazaricos;Total;2012;4.533
15045 Mazaricos;Total;2011;4.720
15045 Mazaricos;Total;2010;4.854
15045 Mazaricos;Total;2009;4.939
15045 Mazaricos;Total;2008;5.050
15045 Mazaricos;Total;2007;5.179
15045 Mazaricos;Total;2006;5.329
15045 Mazaricos;Total;2005;5.488
15045 Mazaricos;Total;2004;5.639
15045 Mazaricos;Total;2003;5.787
15045 Mazaricos;Total;2002;5.948
15045 Mazaricos;Total;2001;6.072
15045 Mazaricos;Total;2000;6.185
15045 Mazaricos;Total;1999;6.349
15045 Mazaricos;Total;1998;6.648
15046 Melide;Total;2021;7.427
15046 Melide;Total;2020;7.419
15046 Melide;Total;2019;7.406
15046 Melide;Total;2018;7.443
15046 Melide;Total;2017;7.503
15046 Melide;Total;2016;7.488
15046 Melide;Total;2015;7.538
15046 Melide;Total;2014;7.578
15046 Melide;Total;2013;7.313
15046 Melide;Total;2012;7.502
15046 Melide;Total;2011;7.824
15046 Melide;Total;2010;7.838
15046 Melide;Total;2009;7.874
15046 Melide;Total;2008;7.901
15046 Melide;Total;2007;7.916
15046 Melide;Total;2006;7.931
15046 Melide;Total;2005;7.866
15046 Melide;Total;2004;7.809
15046 Melide;Total;2003;8.345
15046 Melide;Total;2002;8.383
15046 Melide;Total;2001;8.462
15046 Melide;Total;2000;8.441
15046 Melide;Total;1999;8.430
15046 Melide;Total;1998;8.439
15047 Mesía;Total;2021;2.479
15047 Mesía;Total;2020;2.497
15047 Mesía;Total;2019;2.530
15047 Mesía;Total;2018;2.582
15047 Mesía;Total;2017;2.637
15047 Mesía;Total;2016;2.700
15047 Mesía;Total;2015;2.734
15047 Mesía;Total;2014;2.795
15047 Mesía;Total;2013;2.849
15047 Mesía;Total;2012;2.879
15047 Mesía;Total;2011;2.922
15047 Mesía;Total;2010;2.918
15047 Mesía;Total;2009;2.975
15047 Mesía;Total;2008;3.033
15047 Mesía;Total;2007;3.080
15047 Mesía;Total;2006;3.102
15047 Mesía;Total;2005;3.174
15047 Mesía;Total;2004;3.216
15047 Mesía;Total;2003;3.240
15047 Mesía;Total;2002;3.304
15047 Mesía;Total;2001;3.356
15047 Mesía;Total;2000;3.409
15047 Mesía;Total;1999;3.483
15047 Mesía;Total;1998;3.489
15048 Miño;Total;2021;6.423
15048 Miño;Total;2020;6.277
15048 Miño;Total;2019;6.200
15048 Miño;Total;2018;6.056
15048 Miño;Total;2017;5.905
15048 Miño;Total;2016;5.832
15048 Miño;Total;2015;5.859
15048 Miño;Total;2014;5.838
15048 Miño;Total;2013;5.786
15048 Miño;Total;2012;5.739
15048 Miño;Total;2011;5.760
15048 Miño;Total;2010;5.628
15048 Miño;Total;2009;5.488
15048 Miño;Total;2008;5.326
15048 Miño;Total;2007;5.256
15048 Miño;Total;2006;5.162
15048 Miño;Total;2005;5.127
15048 Miño;Total;2004;5.089
15048 Miño;Total;2003;5.096
15048 Miño;Total;2002;5.044
15048 Miño;Total;2001;4.986
15048 Miño;Total;2000;4.870
15048 Miño;Total;1999;4.888
15048 Miño;Total;1998;4.870
15049 Moeche;Total;2021;1.200
15049 Moeche;Total;2020;1.186
15049 Moeche;Total;2019;1.226
15049 Moeche;Total;2018;1.226
15049 Moeche;Total;2017;1.230
15049 Moeche;Total;2016;1.220
15049 Moeche;Total;2015;1.246
15049 Moeche;Total;2014;1.303
15049 Moeche;Total;2013;1.335
15049 Moeche;Total;2012;1.358
15049 Moeche;Total;2011;1.363
15049 Moeche;Total;2010;1.401
15049 Moeche;Total;2009;1.416
15049 Moeche;Total;2008;1.435
15049 Moeche;Total;2007;1.441
15049 Moeche;Total;2006;1.437
15049 Moeche;Total;2005;1.469
15049 Moeche;Total;2004;1.461
15049 Moeche;Total;2003;1.478
15049 Moeche;Total;2002;1.490
15049 Moeche;Total;2001;1.536
15049 Moeche;Total;2000;1.561
15049 Moeche;Total;1999;1.569
15049 Moeche;Total;1998;1.583
15050 Monfero;Total;2021;1.908
15050 Monfero;Total;2020;1.907
15050 Monfero;Total;2019;1.932
15050 Monfero;Total;2018;1.962
15050 Monfero;Total;2017;1.985
15050 Monfero;Total;2016;2.019
15050 Monfero;Total;2015;2.037
15050 Monfero;Total;2014;2.089
15050 Monfero;Total;2013;2.109
15050 Monfero;Total;2012;2.129
15050 Monfero;Total;2011;2.178
15050 Monfero;Total;2010;2.239
15050 Monfero;Total;2009;2.299
15050 Monfero;Total;2008;2.353
15050 Monfero;Total;2007;2.400
15050 Monfero;Total;2006;2.414
15050 Monfero;Total;2005;2.444
15050 Monfero;Total;2004;2.490
15050 Monfero;Total;2003;2.552
15050 Monfero;Total;2002;2.595
15050 Monfero;Total;2001;2.639
15050 Monfero;Total;2000;2.695
15050 Monfero;Total;1999;2.758
15050 Monfero;Total;1998;2.758
15051 Mugardos;Total;2021;5.226
15051 Mugardos;Total;2020;5.215
15051 Mugardos;Total;2019;5.245
15051 Mugardos;Total;2018;5.307
15051 Mugardos;Total;2017;5.303
15051 Mugardos;Total;2016;5.335
15051 Mugardos;Total;2015;5.362
15051 Mugardos;Total;2014;5.417
15051 Mugardos;Total;2013;5.470
15051 Mugardos;Total;2012;5.456
15051 Mugardos;Total;2011;5.481
15051 Mugardos;Total;2010;5.536
15051 Mugardos;Total;2009;5.565
15051 Mugardos;Total;2008;5.605
15051 Mugardos;Total;2007;5.636
15051 Mugardos;Total;2006;5.638
15051 Mugardos;Total;2005;5.628
15051 Mugardos;Total;2004;5.612
15051 Mugardos;Total;2003;5.737
15051 Mugardos;Total;2002;5.859
15051 Mugardos;Total;2001;5.921
15051 Mugardos;Total;2000;5.984
15051 Mugardos;Total;1999;6.056
15051 Mugardos;Total;1998;6.110
15053 Muros;Total;2021;8.399
15053 Muros;Total;2020;8.427
15053 Muros;Total;2019;8.556
15053 Muros;Total;2018;8.695
15053 Muros;Total;2017;8.792
15053 Muros;Total;2016;8.834
15053 Muros;Total;2015;8.960
15053 Muros;Total;2014;9.117
15053 Muros;Total;2013;9.281
15053 Muros;Total;2012;9.437
15053 Muros;Total;2011;9.565
15053 Muros;Total;2010;9.704
15053 Muros;Total;2009;9.787
15053 Muros;Total;2008;9.823
15053 Muros;Total;2007;9.931
15053 Muros;Total;2006;9.999
15053 Muros;Total;2005;9.995
15053 Muros;Total;2004;10.050
15053 Muros;Total;2003;10.095
15053 Muros;Total;2002;10.272
15053 Muros;Total;2001;10.378
15053 Muros;Total;2000;10.519
15053 Muros;Total;1999;10.670
15053 Muros;Total;1998;10.855
15052 Muxía;Total;2021;4.564
15052 Muxía;Total;2020;4.596
15052 Muxía;Total;2019;4.657
15052 Muxía;Total;2018;4.736
15052 Muxía;Total;2017;4.852
15052 Muxía;Total;2016;4.941
15052 Muxía;Total;2015;5.025
15052 Muxía;Total;2014;5.068
15052 Muxía;Total;2013;5.162
15052 Muxía;Total;2012;5.269
15052 Muxía;Total;2011;5.377
15052 Muxía;Total;2010;5.423
15052 Muxía;Total;2009;5.510
15052 Muxía;Total;2008;5.579
15052 Muxía;Total;2007;5.663
15052 Muxía;Total;2006;5.746
15052 Muxía;Total;2005;5.823
15052 Muxía;Total;2004;5.899
15052 Muxía;Total;2003;6.029
15052 Muxía;Total;2002;6.103
15052 Muxía;Total;2001;6.191
15052 Muxía;Total;2000;6.213
15052 Muxía;Total;1999;6.422
15052 Muxía;Total;1998;6.422
15054 Narón;Total;2021;38.913
15054 Narón;Total;2020;39.056
15054 Narón;Total;2019;39.080
15054 Narón;Total;2018;39.115
15054 Narón;Total;2017;39.280
15054 Narón;Total;2016;39.426
15054 Narón;Total;2015;39.565
15054 Narón;Total;2014;39.574
15054 Narón;Total;2013;39.450
15054 Narón;Total;2012;39.238
15054 Narón;Total;2011;38.910
15054 Narón;Total;2010;38.285
15054 Narón;Total;2009;37.712
15054 Narón;Total;2008;37.008
15054 Narón;Total;2007;36.245
15054 Narón;Total;2006;35.664
15054 Narón;Total;2005;35.083
15054 Narón;Total;2004;34.404
15054 Narón;Total;2003;33.825
15054 Narón;Total;2002;29.263
15054 Narón;Total;2001;29.466
15054 Narón;Total;2000;30.328
15054 Narón;Total;1999;31.108
15054 Narón;Total;1998;31.086
15055 Neda;Total;2021;5.032
15055 Neda;Total;2020;5.023
15055 Neda;Total;2019;5.079
15055 Neda;Total;2018;5.112
15055 Neda;Total;2017;5.165
15055 Neda;Total;2016;5.197
15055 Neda;Total;2015;5.261
15055 Neda;Total;2014;5.327
15055 Neda;Total;2013;5.413
15055 Neda;Total;2012;5.422
15055 Neda;Total;2011;5.442
15055 Neda;Total;2010;5.489
15055 Neda;Total;2009;5.528
15055 Neda;Total;2008;5.553
15055 Neda;Total;2007;5.649
15055 Neda;Total;2006;5.675
15055 Neda;Total;2005;5.771
15055 Neda;Total;2004;5.804
15055 Neda;Total;2003;5.913
15055 Neda;Total;2002;6.074
15055 Neda;Total;2001;6.155
15055 Neda;Total;2000;6.166
15055 Neda;Total;1999;6.192
15055 Neda;Total;1998;6.214
15056 Negreira;Total;2021;6.775
15056 Negreira;Total;2020;6.788
15056 Negreira;Total;2019;6.827
15056 Negreira;Total;2018;6.877
15056 Negreira;Total;2017;6.883
15056 Negreira;Total;2016;6.911
15056 Negreira;Total;2015;6.936
15056 Negreira;Total;2014;7.009
15056 Negreira;Total;2013;7.091
15056 Negreira;Total;2012;7.079
15056 Negreira;Total;2011;7.077
15056 Negreira;Total;2010;7.029
15056 Negreira;Total;2009;6.941
15056 Negreira;Total;2008;6.573
15056 Negreira;Total;2007;6.453
15056 Negreira;Total;2006;6.481
15056 Negreira;Total;2005;6.519
15056 Negreira;Total;2004;6.497
15056 Negreira;Total;2003;6.529
15056 Negreira;Total;2002;6.573
15056 Negreira;Total;2001;6.570
15056 Negreira;Total;2000;6.588
15056 Negreira;Total;1999;6.594
15056 Negreira;Total;1998;6.595
15057 Noia;Total;2021;14.240
15057 Noia;Total;2020;14.274
15057 Noia;Total;2019;14.263
15057 Noia;Total;2018;14.271
15057 Noia;Total;2017;14.295
15057 Noia;Total;2016;14.337
15057 Noia;Total;2015;14.472
15057 Noia;Total;2014;14.571
15057 Noia;Total;2013;14.659
15057 Noia;Total;2012;14.757
15057 Noia;Total;2011;14.876
15057 Noia;Total;2010;14.947
15057 Noia;Total;2009;14.970
15057 Noia;Total;2008;14.875
15057 Noia;Total;2007;14.808
15057 Noia;Total;2006;14.702
15057 Noia;Total;2005;14.637
15057 Noia;Total;2004;14.481
15057 Noia;Total;2003;14.586
15057 Noia;Total;2002;14.391
15057 Noia;Total;2001;14.410
15057 Noia;Total;2000;14.404
15057 Noia;Total;1999;14.420
15057 Noia;Total;1998;14.473
15058 Oleiros;Total;2021;36.922
15058 Oleiros;Total;2020;36.534
15058 Oleiros;Total;2019;36.075
15058 Oleiros;Total;2018;35.559
15058 Oleiros;Total;2017;35.198
15058 Oleiros;Total;2016;35.013
15058 Oleiros;Total;2015;34.693
15058 Oleiros;Total;2014;34.563
15058 Oleiros;Total;2013;34.470
15058 Oleiros;Total;2012;34.386
15058 Oleiros;Total;2011;34.133
15058 Oleiros;Total;2010;33.550
15058 Oleiros;Total;2009;33.443
15058 Oleiros;Total;2008;32.381
15058 Oleiros;Total;2007;31.694
15058 Oleiros;Total;2006;31.264
15058 Oleiros;Total;2005;30.467
15058 Oleiros;Total;2004;29.671
15058 Oleiros;Total;2003;28.643
15058 Oleiros;Total;2002;27.453
15058 Oleiros;Total;2001;26.886
15058 Oleiros;Total;2000;26.016
15058 Oleiros;Total;1999;25.166
15058 Oleiros;Total;1998;24.102
15059 Ordes;Total;2021;12.605
15059 Ordes;Total;2020;12.625
15059 Ordes;Total;2019;12.674
15059 Ordes;Total;2018;12.632
15059 Ordes;Total;2017;12.580
15059 Ordes;Total;2016;12.669
15059 Ordes;Total;2015;12.776
15059 Ordes;Total;2014;12.844
15059 Ordes;Total;2013;12.939
15059 Ordes;Total;2012;12.963
15059 Ordes;Total;2011;12.948
15059 Ordes;Total;2010;12.868
15059 Ordes;Total;2009;12.757
15059 Ordes;Total;2008;12.534
15059 Ordes;Total;2007;12.359
15059 Ordes;Total;2006;12.294
15059 Ordes;Total;2005;12.272
15059 Ordes;Total;2004;12.287
15059 Ordes;Total;2003;12.266
15059 Ordes;Total;2002;12.015
15059 Ordes;Total;2001;11.938
15059 Ordes;Total;2000;11.942
15059 Ordes;Total;1999;11.946
15059 Ordes;Total;1998;11.861
15060 Oroso;Total;2021;7.530
15060 Oroso;Total;2020;7.533
15060 Oroso;Total;2019;7.500
15060 Oroso;Total;2018;7.452
15060 Oroso;Total;2017;7.452
15060 Oroso;Total;2016;7.420
15060 Oroso;Total;2015;7.413
15060 Oroso;Total;2014;7.400
15060 Oroso;Total;2013;7.431
15060 Oroso;Total;2012;7.328
15060 Oroso;Total;2011;7.174
15060 Oroso;Total;2010;7.050
15060 Oroso;Total;2009;6.987
15060 Oroso;Total;2008;6.804
15060 Oroso;Total;2007;6.554
15060 Oroso;Total;2006;6.526
15060 Oroso;Total;2005;6.345
15060 Oroso;Total;2004;6.155
15060 Oroso;Total;2003;5.933
15060 Oroso;Total;2002;5.648
15060 Oroso;Total;2001;5.512
15060 Oroso;Total;2000;5.236
15060 Oroso;Total;1999;4.904
15060 Oroso;Total;1998;4.732
15061 Ortigueira;Total;2021;5.485
15061 Ortigueira;Total;2020;5.633
15061 Ortigueira;Total;2019;5.671
15061 Ortigueira;Total;2018;5.804
15061 Ortigueira;Total;2017;5.966
15061 Ortigueira;Total;2016;6.093
15061 Ortigueira;Total;2015;6.136
15061 Ortigueira;Total;2014;5.997
15061 Ortigueira;Total;2013;6.064
15061 Ortigueira;Total;2012;6.550
15061 Ortigueira;Total;2011;6.956
15061 Ortigueira;Total;2010;6.871
15061 Ortigueira;Total;2009;7.150
15061 Ortigueira;Total;2008;7.311
15061 Ortigueira;Total;2007;7.406
15061 Ortigueira;Total;2006;7.376
15061 Ortigueira;Total;2005;7.697
15061 Ortigueira;Total;2004;7.830
15061 Ortigueira;Total;2003;8.022
15061 Ortigueira;Total;2002;8.299
15061 Ortigueira;Total;2001;8.397
15061 Ortigueira;Total;2000;8.533
15061 Ortigueira;Total;1999;8.603
15061 Ortigueira;Total;1998;8.748
15062 Outes;Total;2021;6.150
15062 Outes;Total;2020;6.155
15062 Outes;Total;2019;6.282
15062 Outes;Total;2018;6.412
15062 Outes;Total;2017;6.514
15062 Outes;Total;2016;6.606
15062 Outes;Total;2015;6.691
15062 Outes;Total;2014;6.804
15062 Outes;Total;2013;7.010
15062 Outes;Total;2012;7.192
15062 Outes;Total;2011;7.243
15062 Outes;Total;2010;7.313
15062 Outes;Total;2009;7.425
15062 Outes;Total;2008;7.547
15062 Outes;Total;2007;7.681
15062 Outes;Total;2006;7.751
15062 Outes;Total;2005;7.889
15062 Outes;Total;2004;8.050
15062 Outes;Total;2003;8.243
15062 Outes;Total;2002;8.398
15062 Outes;Total;2001;8.553
15062 Outes;Total;2000;8.634
15062 Outes;Total;1999;8.739
15062 Outes;Total;1998;8.948
15063 Oza dos Ríos;Total;2021;""
15063 Oza dos Ríos;Total;2020;""
15063 Oza dos Ríos;Total;2019;""
15063 Oza dos Ríos;Total;2018;""
15063 Oza dos Ríos;Total;2017;""
15063 Oza dos Ríos;Total;2016;""
15063 Oza dos Ríos;Total;2015;""
15063 Oza dos Ríos;Total;2014;""
15063 Oza dos Ríos;Total;2013;3.204
15063 Oza dos Ríos;Total;2012;3.227
15063 Oza dos Ríos;Total;2011;3.229
15063 Oza dos Ríos;Total;2010;3.198
15063 Oza dos Ríos;Total;2009;3.202
15063 Oza dos Ríos;Total;2008;3.206
15063 Oza dos Ríos;Total;2007;3.203
15063 Oza dos Ríos;Total;2006;3.184
15063 Oza dos Ríos;Total;2005;3.163
15063 Oza dos Ríos;Total;2004;3.154
15063 Oza dos Ríos;Total;2003;3.125
15063 Oza dos Ríos;Total;2002;3.160
15063 Oza dos Ríos;Total;2001;3.219
15063 Oza dos Ríos;Total;2000;3.208
15063 Oza dos Ríos;Total;1999;3.221
15063 Oza dos Ríos;Total;1998;3.240
15902 Oza-Cesuras;Total;2021;5.170
15902 Oza-Cesuras;Total;2020;5.096
15902 Oza-Cesuras;Total;2019;5.101
15902 Oza-Cesuras;Total;2018;5.155
15902 Oza-Cesuras;Total;2017;5.133
15902 Oza-Cesuras;Total;2016;5.181
15902 Oza-Cesuras;Total;2015;5.253
15902 Oza-Cesuras;Total;2014;5.275
15902 Oza-Cesuras;Total;2013;""
15902 Oza-Cesuras;Total;2012;""
15902 Oza-Cesuras;Total;2011;""
15902 Oza-Cesuras;Total;2010;""
15902 Oza-Cesuras;Total;2009;""
15902 Oza-Cesuras;Total;2008;""
15902 Oza-Cesuras;Total;2007;""
15902 Oza-Cesuras;Total;2006;""
15902 Oza-Cesuras;Total;2005;""
15902 Oza-Cesuras;Total;2004;""
15902 Oza-Cesuras;Total;2003;""
15902 Oza-Cesuras;Total;2002;""
15902 Oza-Cesuras;Total;2001;""
15902 Oza-Cesuras;Total;2000;""
15902 Oza-Cesuras;Total;1999;""
15902 Oza-Cesuras;Total;1998;""
15064 Paderne;Total;2021;2.393
15064 Paderne;Total;2020;2.383
15064 Paderne;Total;2019;2.394
15064 Paderne;Total;2018;2.419
15064 Paderne;Total;2017;2.441
15064 Paderne;Total;2016;2.445
15064 Paderne;Total;2015;2.467
15064 Paderne;Total;2014;2.502
15064 Paderne;Total;2013;2.534
15064 Paderne;Total;2012;2.597
15064 Paderne;Total;2011;2.628
15064 Paderne;Total;2010;2.653
15064 Paderne;Total;2009;2.672
15064 Paderne;Total;2008;2.722
15064 Paderne;Total;2007;2.710
15064 Paderne;Total;2006;2.735
15064 Paderne;Total;2005;2.715
15064 Paderne;Total;2004;2.689
15064 Paderne;Total;2003;2.680
15064 Paderne;Total;2002;2.751
15064 Paderne;Total;2001;2.758
15064 Paderne;Total;2000;2.753
15064 Paderne;Total;1999;2.755
15064 Paderne;Total;1998;2.758
15065 Padrón;Total;2021;8.317
15065 Padrón;Total;2020;8.366
15065 Padrón;Total;2019;8.384
15065 Padrón;Total;2018;8.386
15065 Padrón;Total;2017;8.463
15065 Padrón;Total;2016;8.581
15065 Padrón;Total;2015;8.643
15065 Padrón;Total;2014;8.693
15065 Padrón;Total;2013;8.707
15065 Padrón;Total;2012;8.882
15065 Padrón;Total;2011;8.924
15065 Padrón;Total;2010;8.985
15065 Padrón;Total;2009;8.968
15065 Padrón;Total;2008;9.016
15065 Padrón;Total;2007;9.030
15065 Padrón;Total;2006;9.016
15065 Padrón;Total;2005;9.035
15065 Padrón;Total;2004;9.070
15065 Padrón;Total;2003;9.136
15065 Padrón;Total;2002;9.242
15065 Padrón;Total;2001;9.295
15065 Padrón;Total;2000;9.260
15065 Padrón;Total;1999;9.548
15065 Padrón;Total;1998;9.548
15066 Pino, O;Total;2021;4.639
15066 Pino, O;Total;2020;4.652
15066 Pino, O;Total;2019;4.641
15066 Pino, O;Total;2018;4.656
15066 Pino, O;Total;2017;4.644
15066 Pino, O;Total;2016;4.653
15066 Pino, O;Total;2015;4.706
15066 Pino, O;Total;2014;4.680
15066 Pino, O;Total;2013;4.708
15066 Pino, O;Total;2012;4.732
15066 Pino, O;Total;2011;4.743
15066 Pino, O;Total;2010;4.718
15066 Pino, O;Total;2009;4.710
15066 Pino, O;Total;2008;4.782
15066 Pino, O;Total;2007;4.832
15066 Pino, O;Total;2006;4.885
15066 Pino, O;Total;2005;4.901
15066 Pino, O;Total;2004;4.940
15066 Pino, O;Total;2003;4.948
15066 Pino, O;Total;2002;5.016
15066 Pino, O;Total;2001;4.945
15066 Pino, O;Total;2000;4.934
15066 Pino, O;Total;1999;4.990
15066 Pino, O;Total;1998;5.004
15067 Pobra do Caramiñal, A;Total;2021;9.291
15067 Pobra do Caramiñal, A;Total;2020;9.318
15067 Pobra do Caramiñal, A;Total;2019;9.338
15067 Pobra do Caramiñal, A;Total;2018;9.390
15067 Pobra do Caramiñal, A;Total;2017;9.440
15067 Pobra do Caramiñal, A;Total;2016;9.525
15067 Pobra do Caramiñal, A;Total;2015;9.623
15067 Pobra do Caramiñal, A;Total;2014;9.672
15067 Pobra do Caramiñal, A;Total;2013;9.646
15067 Pobra do Caramiñal, A;Total;2012;9.664
15067 Pobra do Caramiñal, A;Total;2011;9.726
15067 Pobra do Caramiñal, A;Total;2010;9.858
15067 Pobra do Caramiñal, A;Total;2009;9.878
15067 Pobra do Caramiñal, A;Total;2008;9.934
15067 Pobra do Caramiñal, A;Total;2007;9.923
15067 Pobra do Caramiñal, A;Total;2006;10.001
15067 Pobra do Caramiñal, A;Total;2005;9.951
15067 Pobra do Caramiñal, A;Total;2004;9.992
15067 Pobra do Caramiñal, A;Total;2003;10.010
15067 Pobra do Caramiñal, A;Total;2002;10.006
15067 Pobra do Caramiñal, A;Total;2001;10.035
15067 Pobra do Caramiñal, A;Total;2000;9.955
15067 Pobra do Caramiñal, A;Total;1999;10.066
15067 Pobra do Caramiñal, A;Total;1998;10.082
15068 Ponteceso;Total;2021;5.457
15068 Ponteceso;Total;2020;5.497
15068 Ponteceso;Total;2019;5.502
15068 Ponteceso;Total;2018;5.565
15068 Ponteceso;Total;2017;5.613
15068 Ponteceso;Total;2016;5.703
15068 Ponteceso;Total;2015;5.789
15068 Ponteceso;Total;2014;5.893
15068 Ponteceso;Total;2013;5.964
15068 Ponteceso;Total;2012;6.065
15068 Ponteceso;Total;2011;6.134
15068 Ponteceso;Total;2010;6.215
15068 Ponteceso;Total;2009;6.302
15068 Ponteceso;Total;2008;6.381
15068 Ponteceso;Total;2007;6.494
15068 Ponteceso;Total;2006;6.588
15068 Ponteceso;Total;2005;6.698
15068 Ponteceso;Total;2004;6.810
15068 Ponteceso;Total;2003;6.880
15068 Ponteceso;Total;2002;7.019
15068 Ponteceso;Total;2001;7.118
15068 Ponteceso;Total;2000;7.155
15068 Ponteceso;Total;1999;7.370
15068 Ponteceso;Total;1998;7.423
15069 Pontedeume;Total;2021;7.687
15069 Pontedeume;Total;2020;7.753
15069 Pontedeume;Total;2019;7.777
15069 Pontedeume;Total;2018;7.884
15069 Pontedeume;Total;2017;7.937
15069 Pontedeume;Total;2016;8.005
15069 Pontedeume;Total;2015;8.011
15069 Pontedeume;Total;2014;8.117
15069 Pontedeume;Total;2013;8.213
15069 Pontedeume;Total;2012;8.324
15069 Pontedeume;Total;2011;8.342
15069 Pontedeume;Total;2010;8.370
15069 Pontedeume;Total;2009;8.457
15069 Pontedeume;Total;2008;8.561
15069 Pontedeume;Total;2007;8.635
15069 Pontedeume;Total;2006;8.619
15069 Pontedeume;Total;2005;8.663
15069 Pontedeume;Total;2004;8.694
15069 Pontedeume;Total;2003;8.746
15069 Pontedeume;Total;2002;8.860
15069 Pontedeume;Total;2001;8.912
15069 Pontedeume;Total;2000;8.936
15069 Pontedeume;Total;1999;8.857
15069 Pontedeume;Total;1998;8.893
15070 Pontes de García Rodríguez, As;Total;2021;10.032
15070 Pontes de García Rodríguez, As;Total;2020;10.068
15070 Pontes de García Rodríguez, As;Total;2019;10.138
15070 Pontes de García Rodríguez, As;Total;2018;10.237
15070 Pontes de García Rodríguez, As;Total;2017;10.324
15070 Pontes de García Rodríguez, As;Total;2016;10.399
15070 Pontes de García Rodríguez, As;Total;2015;10.503
15070 Pontes de García Rodríguez, As;Total;2014;10.634
15070 Pontes de García Rodríguez, As;Total;2013;10.564
15070 Pontes de García Rodríguez, As;Total;2012;10.996
15070 Pontes de García Rodríguez, As;Total;2011;11.139
15070 Pontes de García Rodríguez, As;Total;2010;11.336
15070 Pontes de García Rodríguez, As;Total;2009;11.431
15070 Pontes de García Rodríguez, As;Total;2008;11.384
15070 Pontes de García Rodríguez, As;Total;2007;11.531
15070 Pontes de García Rodríguez, As;Total;2006;11.697
15070 Pontes de García Rodríguez, As;Total;2005;11.771
15070 Pontes de García Rodríguez, As;Total;2004;11.911
15070 Pontes de García Rodríguez, As;Total;2003;12.108
15070 Pontes de García Rodríguez, As;Total;2002;12.367
15070 Pontes de García Rodríguez, As;Total;2001;12.440
15070 Pontes de García Rodríguez, As;Total;2000;12.488
15070 Pontes de García Rodríguez, As;Total;1999;12.457
15070 Pontes de García Rodríguez, As;Total;1998;12.473
15071 Porto do Son;Total;2021;9.155
15071 Porto do Son;Total;2020;9.142
15071 Porto do Son;Total;2019;9.171
15071 Porto do Son;Total;2018;9.243
15071 Porto do Son;Total;2017;9.271
15071 Porto do Son;Total;2016;9.386
15071 Porto do Son;Total;2015;9.436
15071 Porto do Son;Total;2014;9.571
15071 Porto do Son;Total;2013;9.613
15071 Porto do Son;Total;2012;9.699
15071 Porto do Son;Total;2011;9.847
15071 Porto do Son;Total;2010;9.873
15071 Porto do Son;Total;2009;9.867
15071 Porto do Son;Total;2008;9.845
15071 Porto do Son;Total;2007;9.899
15071 Porto do Son;Total;2006;10.025
15071 Porto do Son;Total;2005;9.990
15071 Porto do Son;Total;2004;10.039
15071 Porto do Son;Total;2003;10.134
15071 Porto do Son;Total;2002;10.085
15071 Porto do Son;Total;2001;10.212
15071 Porto do Son;Total;2000;10.298
15071 Porto do Son;Total;1999;10.376
15071 Porto do Son;Total;1998;10.416
15072 Rianxo;Total;2021;11.004
15072 Rianxo;Total;2020;11.013
15072 Rianxo;Total;2019;11.033
15072 Rianxo;Total;2018;11.104
15072 Rianxo;Total;2017;11.188
15072 Rianxo;Total;2016;11.295
15072 Rianxo;Total;2015;11.386
15072 Rianxo;Total;2014;11.479
15072 Rianxo;Total;2013;11.598
15072 Rianxo;Total;2012;11.729
15072 Rianxo;Total;2011;11.780
15072 Rianxo;Total;2010;11.826
15072 Rianxo;Total;2009;11.769
15072 Rianxo;Total;2008;11.578
15072 Rianxo;Total;2007;11.554
15072 Rianxo;Total;2006;11.246
15072 Rianxo;Total;2005;11.528
15072 Rianxo;Total;2004;11.582
15072 Rianxo;Total;2003;11.629
15072 Rianxo;Total;2002;11.747
15072 Rianxo;Total;2001;11.780
15072 Rianxo;Total;2000;11.882
15072 Rianxo;Total;1999;12.147
15072 Rianxo;Total;1998;12.147
15073 Ribeira;Total;2021;26.839
15073 Ribeira;Total;2020;26.848
15073 Ribeira;Total;2019;26.886
15073 Ribeira;Total;2018;27.067
15073 Ribeira;Total;2017;27.159
15073 Ribeira;Total;2016;27.249
15073 Ribeira;Total;2015;27.372
15073 Ribeira;Total;2014;27.565
15073 Ribeira;Total;2013;27.811
15073 Ribeira;Total;2012;27.778
15073 Ribeira;Total;2011;27.699
15073 Ribeira;Total;2010;27.504
15073 Ribeira;Total;2009;27.518
15073 Ribeira;Total;2008;27.430
15073 Ribeira;Total;2007;27.181
15073 Ribeira;Total;2006;27.053
15073 Ribeira;Total;2005;26.884
15073 Ribeira;Total;2004;26.623
15073 Ribeira;Total;2003;26.589
15073 Ribeira;Total;2002;26.343
15073 Ribeira;Total;2001;26.434
15073 Ribeira;Total;2000;26.478
15073 Ribeira;Total;1999;26.451
15073 Ribeira;Total;1998;26.413
15074 Rois;Total;2021;4.493
15074 Rois;Total;2020;4.505
15074 Rois;Total;2019;4.512
15074 Rois;Total;2018;4.564
15074 Rois;Total;2017;4.627
15074 Rois;Total;2016;4.657
15074 Rois;Total;2015;4.710
15074 Rois;Total;2014;4.767
15074 Rois;Total;2013;4.818
15074 Rois;Total;2012;4.871
15074 Rois;Total;2011;4.910
15074 Rois;Total;2010;4.936
15074 Rois;Total;2009;4.995
15074 Rois;Total;2008;5.012
15074 Rois;Total;2007;5.034
15074 Rois;Total;2006;5.105
15074 Rois;Total;2005;5.149
15074 Rois;Total;2004;5.122
15074 Rois;Total;2003;5.137
15074 Rois;Total;2002;5.123
15074 Rois;Total;2001;5.180
15074 Rois;Total;2000;5.216
15074 Rois;Total;1999;5.238
15074 Rois;Total;1998;5.295
15075 Sada;Total;2021;16.382
15075 Sada;Total;2020;16.186
15075 Sada;Total;2019;15.841
15075 Sada;Total;2018;15.495
15075 Sada;Total;2017;15.242
15075 Sada;Total;2016;15.150
15075 Sada;Total;2015;15.080
15075 Sada;Total;2014;15.156
15075 Sada;Total;2013;15.075
15075 Sada;Total;2012;14.922
15075 Sada;Total;2011;14.870
15075 Sada;Total;2010;14.734
15075 Sada;Total;2009;14.487
15075 Sada;Total;2008;14.036
15075 Sada;Total;2007;13.606
15075 Sada;Total;2006;13.134
15075 Sada;Total;2005;12.867
15075 Sada;Total;2004;12.453
15075 Sada;Total;2003;11.963
15075 Sada;Total;2002;11.686
15075 Sada;Total;2001;11.351
15075 Sada;Total;2000;11.015
15075 Sada;Total;1999;10.621
15075 Sada;Total;1998;10.296
15076 San Sadurniño;Total;2021;2.812
15076 San Sadurniño;Total;2020;2.784
15076 San Sadurniño;Total;2019;2.822
15076 San Sadurniño;Total;2018;2.828
15076 San Sadurniño;Total;2017;2.877
15076 San Sadurniño;Total;2016;2.944
15076 San Sadurniño;Total;2015;3.009
15076 San Sadurniño;Total;2014;3.019
15076 San Sadurniño;Total;2013;3.020
15076 San Sadurniño;Total;2012;3.061
15076 San Sadurniño;Total;2011;3.099
15076 San Sadurniño;Total;2010;3.098
15076 San Sadurniño;Total;2009;3.119
15076 San Sadurniño;Total;2008;3.125
15076 San Sadurniño;Total;2007;3.123
15076 San Sadurniño;Total;2006;3.182
15076 San Sadurniño;Total;2005;3.179
15076 San Sadurniño;Total;2004;3.229
15076 San Sadurniño;Total;2003;3.272
15076 San Sadurniño;Total;2002;3.337
15076 San Sadurniño;Total;2001;3.389
15076 San Sadurniño;Total;2000;3.431
15076 San Sadurniño;Total;1999;3.487
15076 San Sadurniño;Total;1998;3.503
15077 Santa Comba;Total;2021;9.359
15077 Santa Comba;Total;2020;9.362
15077 Santa Comba;Total;2019;9.426
15077 Santa Comba;Total;2018;9.450
15077 Santa Comba;Total;2017;9.477
15077 Santa Comba;Total;2016;9.556
15077 Santa Comba;Total;2015;9.635
15077 Santa Comba;Total;2014;9.719
15077 Santa Comba;Total;2013;9.913
15077 Santa Comba;Total;2012;10.101
15077 Santa Comba;Total;2011;10.241
15077 Santa Comba;Total;2010;10.408
15077 Santa Comba;Total;2009;10.487
15077 Santa Comba;Total;2008;10.577
15077 Santa Comba;Total;2007;10.588
15077 Santa Comba;Total;2006;10.647
15077 Santa Comba;Total;2005;10.683
15077 Santa Comba;Total;2004;10.704
15077 Santa Comba;Total;2003;10.823
15077 Santa Comba;Total;2002;10.892
15077 Santa Comba;Total;2001;10.920
15077 Santa Comba;Total;2000;10.930
15077 Santa Comba;Total;1999;10.960
15077 Santa Comba;Total;1998;10.960
15078 Santiago de Compostela;Total;2021;97.858
15078 Santiago de Compostela;Total;2020;97.848
15078 Santiago de Compostela;Total;2019;97.260
15078 Santiago de Compostela;Total;2018;96.405
15078 Santiago de Compostela;Total;2017;96.456
15078 Santiago de Compostela;Total;2016;95.966
15078 Santiago de Compostela;Total;2015;95.612
15078 Santiago de Compostela;Total;2014;95.800
15078 Santiago de Compostela;Total;2013;96.041
15078 Santiago de Compostela;Total;2012;95.671
15078 Santiago de Compostela;Total;2011;95.207
15078 Santiago de Compostela;Total;2010;94.824
15078 Santiago de Compostela;Total;2009;95.092
15078 Santiago de Compostela;Total;2008;94.339
15078 Santiago de Compostela;Total;2007;93.712
15078 Santiago de Compostela;Total;2006;93.458
15078 Santiago de Compostela;Total;2005;92.919
15078 Santiago de Compostela;Total;2004;92.298
15078 Santiago de Compostela;Total;2003;92.339
15078 Santiago de Compostela;Total;2002;93.273
15078 Santiago de Compostela;Total;2001;93.381
15078 Santiago de Compostela;Total;2000;93.903
15078 Santiago de Compostela;Total;1999;93.745
15078 Santiago de Compostela;Total;1998;93.584
15079 Santiso;Total;2021;1.529
15079 Santiso;Total;2020;1.544
15079 Santiso;Total;2019;1.584
15079 Santiso;Total;2018;1.610
15079 Santiso;Total;2017;1.630
15079 Santiso;Total;2016;1.672
15079 Santiso;Total;2015;1.709
15079 Santiso;Total;2014;1.742
15079 Santiso;Total;2013;1.785
15079 Santiso;Total;2012;1.838
15079 Santiso;Total;2011;1.883
15079 Santiso;Total;2010;1.930
15079 Santiso;Total;2009;1.980
15079 Santiso;Total;2008;2.035
15079 Santiso;Total;2007;2.102
15079 Santiso;Total;2006;2.116
15079 Santiso;Total;2005;2.160
15079 Santiso;Total;2004;2.212
15079 Santiso;Total;2003;2.249
15079 Santiso;Total;2002;2.286
15079 Santiso;Total;2001;2.262
15079 Santiso;Total;2000;2.282
15079 Santiso;Total;1999;2.319
15079 Santiso;Total;1998;2.319
15080 Sobrado;Total;2021;1.778
15080 Sobrado;Total;2020;1.730
15080 Sobrado;Total;2019;1.758
15080 Sobrado;Total;2018;1.799
15080 Sobrado;Total;2017;1.847
15080 Sobrado;Total;2016;1.882
15080 Sobrado;Total;2015;1.911
15080 Sobrado;Total;2014;1.965
15080 Sobrado;Total;2013;2.016
15080 Sobrado;Total;2012;2.037
15080 Sobrado;Total;2011;2.087
15080 Sobrado;Total;2010;2.139
15080 Sobrado;Total;2009;2.168
15080 Sobrado;Total;2008;2.208
15080 Sobrado;Total;2007;2.244
15080 Sobrado;Total;2006;2.289
15080 Sobrado;Total;2005;2.316
15080 Sobrado;Total;2004;2.360
15080 Sobrado;Total;2003;2.400
15080 Sobrado;Total;2002;2.434
15080 Sobrado;Total;2001;2.468
15080 Sobrado;Total;2000;2.518
15080 Sobrado;Total;1999;2.541
15080 Sobrado;Total;1998;2.609
15081 Somozas, As;Total;2021;1.076
15081 Somozas, As;Total;2020;1.083
15081 Somozas, As;Total;2019;1.098
15081 Somozas, As;Total;2018;1.103
15081 Somozas, As;Total;2017;1.128
15081 Somozas, As;Total;2016;1.160
15081 Somozas, As;Total;2015;1.191
15081 Somozas, As;Total;2014;1.211
15081 Somozas, As;Total;2013;1.249
15081 Somozas, As;Total;2012;1.279
15081 Somozas, As;Total;2011;1.306
15081 Somozas, As;Total;2010;1.342
15081 Somozas, As;Total;2009;1.382
15081 Somozas, As;Total;2008;1.388
15081 Somozas, As;Total;2007;1.374
15081 Somozas, As;Total;2006;1.392
15081 Somozas, As;Total;2005;1.411
15081 Somozas, As;Total;2004;1.403
15081 Somozas, As;Total;2003;1.407
15081 Somozas, As;Total;2002;1.403
15081 Somozas, As;Total;2001;1.449
15081 Somozas, As;Total;2000;1.473
15081 Somozas, As;Total;1999;1.486
15081 Somozas, As;Total;1998;1.506
15082 Teo;Total;2021;18.778
15082 Teo;Total;2020;18.632
15082 Teo;Total;2019;18.579
15082 Teo;Total;2018;18.525
15082 Teo;Total;2017;18.478
15082 Teo;Total;2016;18.510
15082 Teo;Total;2015;18.505
15082 Teo;Total;2014;18.254
15082 Teo;Total;2013;17.942
15082 Teo;Total;2012;18.454
15082 Teo;Total;2011;18.266
15082 Teo;Total;2010;17.940
15082 Teo;Total;2009;17.807
15082 Teo;Total;2008;17.625
15082 Teo;Total;2007;17.441
15082 Teo;Total;2006;17.168
15082 Teo;Total;2005;16.809
15082 Teo;Total;2004;16.428
15082 Teo;Total;2003;16.028
15082 Teo;Total;2002;15.331
15082 Teo;Total;2001;14.894
15082 Teo;Total;2000;14.447
15082 Teo;Total;1999;14.071
15082 Teo;Total;1998;13.960
15083 Toques;Total;2021;1.101
15083 Toques;Total;2020;1.107
15083 Toques;Total;2019;1.124
15083 Toques;Total;2018;1.151
15083 Toques;Total;2017;1.173
15083 Toques;Total;2016;1.196
15083 Toques;Total;2015;1.213
15083 Toques;Total;2014;1.248
15083 Toques;Total;2013;1.265
15083 Toques;Total;2012;1.302
15083 Toques;Total;2011;1.343
15083 Toques;Total;2010;1.387
15083 Toques;Total;2009;1.405
15083 Toques;Total;2008;1.416
15083 Toques;Total;2007;1.447
15083 Toques;Total;2006;1.485
15083 Toques;Total;2005;1.512
15083 Toques;Total;2004;1.530
15083 Toques;Total;2003;1.550
15083 Toques;Total;2002;1.573
15083 Toques;Total;2001;1.628
15083 Toques;Total;2000;1.626
15083 Toques;Total;1999;1.640
15083 Toques;Total;1998;1.668
15084 Tordoia;Total;2021;3.228
15084 Tordoia;Total;2020;3.259
15084 Tordoia;Total;2019;3.299
15084 Tordoia;Total;2018;3.361
15084 Tordoia;Total;2017;3.433
15084 Tordoia;Total;2016;3.522
15084 Tordoia;Total;2015;3.591
15084 Tordoia;Total;2014;3.706
15084 Tordoia;Total;2013;3.817
15084 Tordoia;Total;2012;3.924
15084 Tordoia;Total;2011;4.168
15084 Tordoia;Total;2010;4.268
15084 Tordoia;Total;2009;4.339
15084 Tordoia;Total;2008;4.399
15084 Tordoia;Total;2007;4.467
15084 Tordoia;Total;2006;4.548
15084 Tordoia;Total;2005;4.617
15084 Tordoia;Total;2004;4.713
15084 Tordoia;Total;2003;4.841
15084 Tordoia;Total;2002;4.945
15084 Tordoia;Total;2001;5.029
15084 Tordoia;Total;2000;5.100
15084 Tordoia;Total;1999;5.106
15084 Tordoia;Total;1998;5.205
15085 Touro;Total;2021;3.495
15085 Touro;Total;2020;3.516
15085 Touro;Total;2019;3.574
15085 Touro;Total;2018;3.620
15085 Touro;Total;2017;3.693
15085 Touro;Total;2016;3.703
15085 Touro;Total;2015;3.778
15085 Touro;Total;2014;3.853
15085 Touro;Total;2013;3.919
15085 Touro;Total;2012;3.979
15085 Touro;Total;2011;4.082
15085 Touro;Total;2010;4.151
15085 Touro;Total;2009;4.230
15085 Touro;Total;2008;4.266
15085 Touro;Total;2007;4.353
15085 Touro;Total;2006;4.448
15085 Touro;Total;2005;4.532
15085 Touro;Total;2004;4.634
15085 Touro;Total;2003;4.699
15085 Touro;Total;2002;4.765
15085 Touro;Total;2001;4.825
15085 Touro;Total;2000;4.865
15085 Touro;Total;1999;4.948
15085 Touro;Total;1998;5.077
15086 Trazo;Total;2021;3.059
15086 Trazo;Total;2020;3.013
15086 Trazo;Total;2019;3.113
15086 Trazo;Total;2018;3.148
15086 Trazo;Total;2017;3.186
15086 Trazo;Total;2016;3.190
15086 Trazo;Total;2015;3.263
15086 Trazo;Total;2014;3.301
15086 Trazo;Total;2013;3.343
15086 Trazo;Total;2012;3.433
15086 Trazo;Total;2011;3.472
15086 Trazo;Total;2010;3.496
15086 Trazo;Total;2009;3.498
15086 Trazo;Total;2008;3.509
15086 Trazo;Total;2007;3.548
15086 Trazo;Total;2006;3.557
15086 Trazo;Total;2005;3.617
15086 Trazo;Total;2004;3.652
15086 Trazo;Total;2003;3.728
15086 Trazo;Total;2002;3.766
15086 Trazo;Total;2001;3.800
15086 Trazo;Total;2000;3.818
15086 Trazo;Total;1999;3.864
15086 Trazo;Total;1998;3.912
15088 Val do Dubra;Total;2021;3.816
15088 Val do Dubra;Total;2020;3.851
15088 Val do Dubra;Total;2019;3.876
15088 Val do Dubra;Total;2018;3.925
15088 Val do Dubra;Total;2017;3.931
15088 Val do Dubra;Total;2016;3.974
15088 Val do Dubra;Total;2015;4.033
15088 Val do Dubra;Total;2014;4.120
15088 Val do Dubra;Total;2013;4.136
15088 Val do Dubra;Total;2012;4.234
15088 Val do Dubra;Total;2011;4.313
15088 Val do Dubra;Total;2010;4.386
15088 Val do Dubra;Total;2009;4.423
15088 Val do Dubra;Total;2008;4.481
15088 Val do Dubra;Total;2007;4.515
15088 Val do Dubra;Total;2006;4.580
15088 Val do Dubra;Total;2005;4.605
15088 Val do Dubra;Total;2004;4.642
15088 Val do Dubra;Total;2003;4.720
15088 Val do Dubra;Total;2002;4.802
15088 Val do Dubra;Total;2001;4.874
15088 Val do Dubra;Total;2000;4.892
15088 Val do Dubra;Total;1999;5.079
15088 Val do Dubra;Total;1998;5.091
15087 Valdoviño;Total;2021;6.872
15087 Valdoviño;Total;2020;6.542
15087 Valdoviño;Total;2019;6.563
15087 Valdoviño;Total;2018;6.613
15087 Valdoviño;Total;2017;6.594
15087 Valdoviño;Total;2016;6.650
15087 Valdoviño;Total;2015;6.753
15087 Valdoviño;Total;2014;6.796
15087 Valdoviño;Total;2013;6.811
15087 Valdoviño;Total;2012;6.857
15087 Valdoviño;Total;2011;6.926
15087 Valdoviño;Total;2010;6.982
15087 Valdoviño;Total;2009;6.978
15087 Valdoviño;Total;2008;6.986
15087 Valdoviño;Total;2007;6.978
15087 Valdoviño;Total;2006;6.896
15087 Valdoviño;Total;2005;6.888
15087 Valdoviño;Total;2004;6.854
15087 Valdoviño;Total;2003;6.877
15087 Valdoviño;Total;2002;6.837
15087 Valdoviño;Total;2001;6.795
15087 Valdoviño;Total;2000;6.790
15087 Valdoviño;Total;1999;6.765
15087 Valdoviño;Total;1998;6.769
15089 Vedra;Total;2021;5.032
15089 Vedra;Total;2020;5.007
15089 Vedra;Total;2019;5.036
15089 Vedra;Total;2018;5.046
15089 Vedra;Total;2017;5.051
15089 Vedra;Total;2016;5.012
15089 Vedra;Total;2015;5.059
15089 Vedra;Total;2014;5.073
15089 Vedra;Total;2013;5.008
15089 Vedra;Total;2012;5.043
15089 Vedra;Total;2011;5.046
15089 Vedra;Total;2010;5.052
15089 Vedra;Total;2009;5.059
15089 Vedra;Total;2008;5.063
15089 Vedra;Total;2007;5.088
15089 Vedra;Total;2006;5.052
15089 Vedra;Total;2005;5.054
15089 Vedra;Total;2004;5.057
15089 Vedra;Total;2003;5.037
15089 Vedra;Total;2002;5.054
15089 Vedra;Total;2001;5.111
15089 Vedra;Total;2000;5.083
15089 Vedra;Total;1999;5.088
15089 Vedra;Total;1998;5.101
15091 Vilarmaior;Total;2021;1.219
15091 Vilarmaior;Total;2020;1.209
15091 Vilarmaior;Total;2019;1.226
15091 Vilarmaior;Total;2018;1.231
15091 Vilarmaior;Total;2017;1.249
15091 Vilarmaior;Total;2016;1.260
15091 Vilarmaior;Total;2015;1.233
15091 Vilarmaior;Total;2014;1.236
15091 Vilarmaior;Total;2013;1.247
15091 Vilarmaior;Total;2012;1.261
15091 Vilarmaior;Total;2011;1.273
15091 Vilarmaior;Total;2010;1.277
15091 Vilarmaior;Total;2009;1.294
15091 Vilarmaior;Total;2008;1.289
15091 Vilarmaior;Total;2007;1.287
15091 Vilarmaior;Total;2006;1.326
15091 Vilarmaior;Total;2005;1.343
15091 Vilarmaior;Total;2004;1.362
15091 Vilarmaior;Total;2003;1.350
15091 Vilarmaior;Total;2002;1.388
15091 Vilarmaior;Total;2001;1.398
15091 Vilarmaior;Total;2000;1.417
15091 Vilarmaior;Total;1999;1.429
15091 Vilarmaior;Total;1998;1.412
15090 Vilasantar;Total;2021;1.219
15090 Vilasantar;Total;2020;1.211
15090 Vilasantar;Total;2019;1.213
15090 Vilasantar;Total;2018;1.225
15090 Vilasantar;Total;2017;1.241
15090 Vilasantar;Total;2016;1.275
15090 Vilasantar;Total;2015;1.280
15090 Vilasantar;Total;2014;1.316
15090 Vilasantar;Total;2013;1.362
15090 Vilasantar;Total;2012;1.368
15090 Vilasantar;Total;2011;1.380
15090 Vilasantar;Total;2010;1.406
15090 Vilasantar;Total;2009;1.415
15090 Vilasantar;Total;2008;1.432
15090 Vilasantar;Total;2007;1.469
15090 Vilasantar;Total;2006;1.496
15090 Vilasantar;Total;2005;1.538
15090 Vilasantar;Total;2004;1.574
15090 Vilasantar;Total;2003;1.610
15090 Vilasantar;Total;2002;1.622
15090 Vilasantar;Total;2001;1.639
15090 Vilasantar;Total;2000;1.678
15090 Vilasantar;Total;1999;1.707
15090 Vilasantar;Total;1998;1.707
15092 Vimianzo;Total;2021;6.925
15092 Vimianzo;Total;2020;6.963
15092 Vimianzo;Total;2019;7.057
15092 Vimianzo;Total;2018;7.138
15092 Vimianzo;Total;2017;7.270
15092 Vimianzo;Total;2016;7.378
15092 Vimianzo;Total;2015;7.520
15092 Vimianzo;Total;2014;7.710
15092 Vimianzo;Total;2013;7.849
15092 Vimianzo;Total;2012;7.977
15092 Vimianzo;Total;2011;8.039
15092 Vimianzo;Total;2010;8.128
15092 Vimianzo;Total;2009;8.204
15092 Vimianzo;Total;2008;8.300
15092 Vimianzo;Total;2007;8.364
15092 Vimianzo;Total;2006;8.402
15092 Vimianzo;Total;2005;8.466
15092 Vimianzo;Total;2004;8.517
15092 Vimianzo;Total;2003;8.653
15092 Vimianzo;Total;2002;8.686
15092 Vimianzo;Total;2001;8.787
15092 Vimianzo;Total;2000;8.766
15092 Vimianzo;Total;1999;8.937
15092 Vimianzo;Total;1998;8.937
15093 Zas;Total;2021;4.384
15093 Zas;Total;2020;4.393
15093 Zas;Total;2019;4.472
15093 Zas;Total;2018;4.581
15093 Zas;Total;2017;4.671
15093 Zas;Total;2016;4.756
15093 Zas;Total;2015;4.846
15093 Zas;Total;2014;4.902
15093 Zas;Total;2013;4.983
15093 Zas;Total;2012;5.109
15093 Zas;Total;2011;5.219
15093 Zas;Total;2010;5.295
15093 Zas;Total;2009;5.385
15093 Zas;Total;2008;5.459
15093 Zas;Total;2007;5.549
15093 Zas;Total;2006;5.674
15093 Zas;Total;2005;5.780
15093 Zas;Total;2004;5.867
15093 Zas;Total;2003;5.978
15093 Zas;Total;2002;6.082
15093 Zas;Total;2001;6.160
15093 Zas;Total;2000;6.212
15093 Zas;Total;1999;6.226
15093 Zas;Total;1998;6.311
